NOMBRE BARRA,NIVEL TENSIÓN,AÑO,MES,DÍA,HORA,CMg USD,,CMg Promedio,33.2
C.DOMINADOR___220,220,2019,11,1,1,33.4,,,
C.DOMINADOR___220,220,2019,11,1,2,33.4,,,
C.DOMINADOR___220,220,2019,11,1,3,32.2,,,
C.DOMINADOR___220,220,2019,11,1,4,31.9,,,
C.DOMINADOR___220,220,2019,11,1,5,31.9,,,
C.DOMINADOR___220,220,2019,11,1,6,31.9,,,
C.DOMINADOR___220,220,2019,11,1,7,31.9,,,
C.DOMINADOR___220,220,2019,11,1,8,31,,,
C.DOMINADOR___220,220,2019,11,1,9,29.2,,,
C.DOMINADOR___220,220,2019,11,1,10,29.2,,,
C.DOMINADOR___220,220,2019,11,1,11,29.2,,,
C.DOMINADOR___220,220,2019,11,1,12,29.2,,,
C.DOMINADOR___220,220,2019,11,1,13,29.2,,,
C.DOMINADOR___220,220,2019,11,1,14,29.2,,,
C.DOMINADOR___220,220,2019,11,1,15,29.2,,,
C.DOMINADOR___220,220,2019,11,1,16,27.3,,,
C.DOMINADOR___220,220,2019,11,1,17,21.7,,,
C.DOMINADOR___220,220,2019,11,1,18,25.9,,,
C.DOMINADOR___220,220,2019,11,1,19,30.1,,,
C.DOMINADOR___220,220,2019,11,1,20,32.5,,,
C.DOMINADOR___220,220,2019,11,1,21,32.7,,,
C.DOMINADOR___220,220,2019,11,1,22,32.7,,,
C.DOMINADOR___220,220,2019,11,1,23,31.9,,,
C.DOMINADOR___220,220,2019,11,1,24,31.8,,,
C.DOMINADOR___220,220,2019,11,2,8,30.5,,,
C.DOMINADOR___220,220,2019,11,2,9,25.6,,,
C.DOMINADOR___220,220,2019,11,2,10,25.6,,,
C.DOMINADOR___220,220,2019,11,2,11,25.6,,,
C.DOMINADOR___220,220,2019,11,2,12,25.6,,,
C.DOMINADOR___220,220,2019,11,2,13,24.5,,,
C.DOMINADOR___220,220,2019,11,2,14,25.3,,,
C.DOMINADOR___220,220,2019,11,2,15,25.6,,,
C.DOMINADOR___220,220,2019,11,2,16,25.6,,,
C.DOMINADOR___220,220,2019,11,2,17,25.6,,,
C.DOMINADOR___220,220,2019,11,2,18,25.6,,,
C.DOMINADOR___220,220,2019,11,2,19,30.1,,,
C.DOMINADOR___220,220,2019,11,2,20,31.9,,,
C.DOMINADOR___220,220,2019,11,2,21,33.3,,,
C.DOMINADOR___220,220,2019,11,2,22,32.9,,,
C.DOMINADOR___220,220,2019,11,2,1,31.9,,,
C.DOMINADOR___220,220,2019,11,2,2,31.9,,,
C.DOMINADOR___220,220,2019,11,2,3,31.9,,,
C.DOMINADOR___220,220,2019,11,2,4,31.9,,,
C.DOMINADOR___220,220,2019,11,2,5,31.9,,,
C.DOMINADOR___220,220,2019,11,2,6,31.9,,,
C.DOMINADOR___220,220,2019,11,2,7,31.9,,,
C.DOMINADOR___220,220,2019,11,2,23,65.7,,,
C.DOMINADOR___220,220,2019,11,2,24,141.1,,,
C.DOMINADOR___220,220,2019,11,4,5,33.1,,,
C.DOMINADOR___220,220,2019,11,4,6,39.2,,,
C.DOMINADOR___220,220,2019,11,4,7,39.2,,,
C.DOMINADOR___220,220,2019,11,4,8,39,,,
C.DOMINADOR___220,220,2019,11,4,9,30.1,,,
C.DOMINADOR___220,220,2019,11,4,10,30.1,,,
C.DOMINADOR___220,220,2019,11,4,11,30.1,,,
C.DOMINADOR___220,220,2019,11,4,12,30.1,,,
C.DOMINADOR___220,220,2019,11,4,13,30.1,,,
C.DOMINADOR___220,220,2019,11,4,14,30.1,,,
C.DOMINADOR___220,220,2019,11,4,15,30,,,
C.DOMINADOR___220,220,2019,11,4,16,29.9,,,
C.DOMINADOR___220,220,2019,11,4,17,29.9,,,
C.DOMINADOR___220,220,2019,11,4,18,29.9,,,
C.DOMINADOR___220,220,2019,11,4,19,32.6,,,
C.DOMINADOR___220,220,2019,11,4,20,36.5,,,
C.DOMINADOR___220,220,2019,11,4,21,37.9,,,
C.DOMINADOR___220,220,2019,11,4,22,37.9,,,
C.DOMINADOR___220,220,2019,11,4,23,37.9,,,
C.DOMINADOR___220,220,2019,11,4,24,36.5,,,
C.DOMINADOR___220,220,2019,11,4,1,31.9,,,
C.DOMINADOR___220,220,2019,11,4,2,31.9,,,
C.DOMINADOR___220,220,2019,11,4,3,30.9,,,
C.DOMINADOR___220,220,2019,11,4,4,31,,,
C.DOMINADOR___220,220,2019,11,5,1,30.4,,,
C.DOMINADOR___220,220,2019,11,5,2,30.2,,,
C.DOMINADOR___220,220,2019,11,5,3,30.3,,,
C.DOMINADOR___220,220,2019,11,5,4,30.4,,,
C.DOMINADOR___220,220,2019,11,5,5,30.4,,,
C.DOMINADOR___220,220,2019,11,5,6,31.6,,,
C.DOMINADOR___220,220,2019,11,5,7,36,,,
C.DOMINADOR___220,220,2019,11,5,8,39.1,,,
C.DOMINADOR___220,220,2019,11,5,9,29.2,,,
C.DOMINADOR___220,220,2019,11,5,10,29.2,,,
C.DOMINADOR___220,220,2019,11,5,11,29.2,,,
C.DOMINADOR___220,220,2019,11,5,12,29.2,,,
C.DOMINADOR___220,220,2019,11,5,13,29.2,,,
C.DOMINADOR___220,220,2019,11,5,14,29,,,
C.DOMINADOR___220,220,2019,11,5,15,28.2,,,
C.DOMINADOR___220,220,2019,11,5,16,25.8,,,
C.DOMINADOR___220,220,2019,11,5,17,25.1,,,
C.DOMINADOR___220,220,2019,11,5,18,25.8,,,
C.DOMINADOR___220,220,2019,11,5,19,30.1,,,
C.DOMINADOR___220,220,2019,11,5,20,38,,,
C.DOMINADOR___220,220,2019,11,5,21,38.1,,,
C.DOMINADOR___220,220,2019,11,5,22,38.1,,,
C.DOMINADOR___220,220,2019,11,5,23,38.1,,,
C.DOMINADOR___220,220,2019,11,5,24,35.8,,,
C.DOMINADOR___220,220,2019,11,6,1,30.8,,,
C.DOMINADOR___220,220,2019,11,6,2,30.3,,,
C.DOMINADOR___220,220,2019,11,6,3,30.4,,,
C.DOMINADOR___220,220,2019,11,6,4,30.4,,,
C.DOMINADOR___220,220,2019,11,6,5,30.4,,,
C.DOMINADOR___220,220,2019,11,6,6,31,,,
C.DOMINADOR___220,220,2019,11,6,7,36.6,,,
C.DOMINADOR___220,220,2019,11,6,8,34.6,,,
C.DOMINADOR___220,220,2019,11,6,10,27,,,
C.DOMINADOR___220,220,2019,11,6,12,27,,,
C.DOMINADOR___220,220,2019,11,6,14,27,,,
C.DOMINADOR___220,220,2019,11,6,9,27,,,
C.DOMINADOR___220,220,2019,11,6,11,27,,,
C.DOMINADOR___220,220,2019,11,6,13,27,,,
C.DOMINADOR___220,220,2019,11,6,15,27,,,
C.DOMINADOR___220,220,2019,11,6,17,23.9,,,
C.DOMINADOR___220,220,2019,11,6,18,23.9,,,
C.DOMINADOR___220,220,2019,11,6,19,31.4,,,
C.DOMINADOR___220,220,2019,11,6,20,39.6,,,
C.DOMINADOR___220,220,2019,11,6,21,39.5,,,
C.DOMINADOR___220,220,2019,11,6,22,39.4,,,
C.DOMINADOR___220,220,2019,11,6,23,39.3,,,
C.DOMINADOR___220,220,2019,11,6,24,37.2,,,
C.DOMINADOR___220,220,2019,11,7,2,31.9,,,
C.DOMINADOR___220,220,2019,11,7,3,32,,,
C.DOMINADOR___220,220,2019,11,7,4,32,,,
C.DOMINADOR___220,220,2019,11,7,5,32,,,
C.DOMINADOR___220,220,2019,11,7,7,34.4,,,
C.DOMINADOR___220,220,2019,11,7,9,26.3,,,
C.DOMINADOR___220,220,2019,11,7,11,27.2,,,
C.DOMINADOR___220,220,2019,11,7,13,29.4,,,
C.DOMINADOR___220,220,2019,11,7,14,29.4,,,
C.DOMINADOR___220,220,2019,11,7,15,29.4,,,
C.DOMINADOR___220,220,2019,11,7,16,29.4,,,
C.DOMINADOR___220,220,2019,11,7,17,29.4,,,
C.DOMINADOR___220,220,2019,11,7,18,29.4,,,
C.DOMINADOR___220,220,2019,11,7,20,34.3,,,
C.DOMINADOR___220,220,2019,11,7,22,34.3,,,
C.DOMINADOR___220,220,2019,11,7,24,33.1,,,
C.DOMINADOR___220,220,2019,11,9,1,33.5,,,
C.DOMINADOR___220,220,2019,11,9,2,32.8,,,
C.DOMINADOR___220,220,2019,11,9,3,32.8,,,
C.DOMINADOR___220,220,2019,11,6,16,24.7,,,
C.DOMINADOR___220,220,2019,11,7,6,33.1,,,
C.DOMINADOR___220,220,2019,11,7,8,32.9,,,
C.DOMINADOR___220,220,2019,11,7,23,34.3,,,
C.DOMINADOR___220,220,2019,11,9,4,32.8,,,
C.DOMINADOR___220,220,2019,11,9,5,32.8,,,
C.DOMINADOR___220,220,2019,11,9,6,32.8,,,
C.DOMINADOR___220,220,2019,11,9,7,32.8,,,
C.DOMINADOR___220,220,2019,11,9,8,32,,,
C.DOMINADOR___220,220,2019,11,9,9,27.8,,,
C.DOMINADOR___220,220,2019,11,9,10,28.5,,,
C.DOMINADOR___220,220,2019,11,9,11,29.3,,,
C.DOMINADOR___220,220,2019,11,9,12,29.3,,,
C.DOMINADOR___220,220,2019,11,9,13,29.3,,,
C.DOMINADOR___220,220,2019,11,9,14,29.3,,,
C.DOMINADOR___220,220,2019,11,9,15,29.2,,,
C.DOMINADOR___220,220,2019,11,9,16,28,,,
C.DOMINADOR___220,220,2019,11,9,17,26.4,,,
C.DOMINADOR___220,220,2019,11,9,18,29.1,,,
C.DOMINADOR___220,220,2019,11,9,19,33.9,,,
C.DOMINADOR___220,220,2019,11,9,20,37.1,,,
C.DOMINADOR___220,220,2019,11,9,21,38.9,,,
C.DOMINADOR___220,220,2019,11,9,22,39.3,,,
C.DOMINADOR___220,220,2019,11,9,23,38.3,,,
C.DOMINADOR___220,220,2019,11,9,24,35.3,,,
C.DOMINADOR___220,220,2019,11,10,1,38.2,,,
C.DOMINADOR___220,220,2019,11,10,2,35.5,,,
C.DOMINADOR___220,220,2019,11,10,3,32.6,,,
C.DOMINADOR___220,220,2019,11,10,4,32.3,,,
C.DOMINADOR___220,220,2019,11,10,5,31.4,,,
C.DOMINADOR___220,220,2019,11,10,6,30.8,,,
C.DOMINADOR___220,220,2019,11,10,7,30.8,,,
C.DOMINADOR___220,220,2019,11,10,8,28.9,,,
C.DOMINADOR___220,220,2019,11,10,9,24.1,,,
C.DOMINADOR___220,220,2019,11,10,10,25.9,,,
C.DOMINADOR___220,220,2019,11,10,11,27.3,,,
C.DOMINADOR___220,220,2019,11,10,12,27.8,,,
C.DOMINADOR___220,220,2019,11,10,13,27.8,,,
C.DOMINADOR___220,220,2019,11,10,14,27.8,,,
C.DOMINADOR___220,220,2019,11,10,15,27.8,,,
C.DOMINADOR___220,220,2019,11,10,16,27.8,,,
C.DOMINADOR___220,220,2019,11,10,17,27.8,,,
C.DOMINADOR___220,220,2019,11,10,18,29.5,,,
C.DOMINADOR___220,220,2019,11,10,20,35.6,,,
C.DOMINADOR___220,220,2019,11,7,12,29.4,,,
C.DOMINADOR___220,220,2019,11,7,21,34.3,,,
C.DOMINADOR___220,220,2019,11,7,1,30.6,,,
C.DOMINADOR___220,220,2019,11,7,10,26.3,,,
C.DOMINADOR___220,220,2019,11,7,19,34.3,,,
C.DOMINADOR___220,220,2019,11,10,19,34.8,,,
C.DOMINADOR___220,220,2019,11,10,21,36.3,,,
C.DOMINADOR___220,220,2019,11,10,22,38.7,,,
C.DOMINADOR___220,220,2019,11,10,24,34.4,,,
C.DOMINADOR___220,220,2019,11,12,1,38.6,,,
C.DOMINADOR___220,220,2019,11,12,2,38.6,,,
C.DOMINADOR___220,220,2019,11,12,3,38.6,,,
C.DOMINADOR___220,220,2019,11,12,4,38.6,,,
C.DOMINADOR___220,220,2019,11,12,5,38.6,,,
C.DOMINADOR___220,220,2019,11,12,6,38.6,,,
C.DOMINADOR___220,220,2019,11,12,7,38.6,,,
C.DOMINADOR___220,220,2019,11,12,8,34.1,,,
C.DOMINADOR___220,220,2019,11,12,9,29.3,,,
C.DOMINADOR___220,220,2019,11,12,10,28.1,,,
C.DOMINADOR___220,220,2019,11,12,11,28,,,
C.DOMINADOR___220,220,2019,11,12,12,28.3,,,
C.DOMINADOR___220,220,2019,11,12,13,28.3,,,
C.DOMINADOR___220,220,2019,11,12,14,28.3,,,
C.DOMINADOR___220,220,2019,11,12,15,28.3,,,
C.DOMINADOR___220,220,2019,11,12,16,28.3,,,
C.DOMINADOR___220,220,2019,11,12,17,28.3,,,
C.DOMINADOR___220,220,2019,11,12,18,28.3,,,
C.DOMINADOR___220,220,2019,11,12,19,30,,,
C.DOMINADOR___220,220,2019,11,12,20,37.5,,,
C.DOMINADOR___220,220,2019,11,12,21,37.5,,,
C.DOMINADOR___220,220,2019,11,12,22,37.5,,,
C.DOMINADOR___220,220,2019,11,12,23,37.5,,,
C.DOMINADOR___220,220,2019,11,12,24,37.5,,,
C.DOMINADOR___220,220,2019,11,13,1,33.5,,,
C.DOMINADOR___220,220,2019,11,13,2,30.9,,,
C.DOMINADOR___220,220,2019,11,13,3,30.9,,,
C.DOMINADOR___220,220,2019,11,13,4,30.7,,,
C.DOMINADOR___220,220,2019,11,13,5,30.1,,,
C.DOMINADOR___220,220,2019,11,13,6,32.6,,,
C.DOMINADOR___220,220,2019,11,13,7,34.3,,,
C.DOMINADOR___220,220,2019,11,13,8,30,,,
C.DOMINADOR___220,220,2019,11,10,23,38.7,,,
C.DOMINADOR___220,220,2019,11,13,9,26.5,,,
C.DOMINADOR___220,220,2019,11,13,10,26.6,,,
C.DOMINADOR___220,220,2019,11,13,11,26.6,,,
C.DOMINADOR___220,220,2019,11,13,12,28,,,
C.DOMINADOR___220,220,2019,11,13,13,28.3,,,
C.DOMINADOR___220,220,2019,11,13,14,28.3,,,
C.DOMINADOR___220,220,2019,11,13,15,28.3,,,
C.DOMINADOR___220,220,2019,11,13,16,28.3,,,
C.DOMINADOR___220,220,2019,11,13,17,28.3,,,
C.DOMINADOR___220,220,2019,11,13,18,28.3,,,
C.DOMINADOR___220,220,2019,11,13,19,31,,,
C.DOMINADOR___220,220,2019,11,13,20,33.5,,,
C.DOMINADOR___220,220,2019,11,13,21,33.5,,,
C.DOMINADOR___220,220,2019,11,13,22,33.5,,,
C.DOMINADOR___220,220,2019,11,13,23,33.5,,,
C.DOMINADOR___220,220,2019,11,13,24,33.5,,,
C.DOMINADOR___220,220,2019,11,14,9,28.9,,,
C.DOMINADOR___220,220,2019,11,14,10,30.1,,,
C.DOMINADOR___220,220,2019,11,14,11,30.1,,,
C.DOMINADOR___220,220,2019,11,14,16,27.3,,,
C.DOMINADOR___220,220,2019,11,14,19,30.1,,,
C.DOMINADOR___220,220,2019,11,14,20,36.9,,,
C.DOMINADOR___220,220,2019,11,14,12,30.1,,,
C.DOMINADOR___220,220,2019,11,14,17,27.1,,,
C.DOMINADOR___220,220,2019,11,14,18,27.1,,,
C.DOMINADOR___220,220,2019,11,14,13,30.1,,,
C.DOMINADOR___220,220,2019,11,14,1,39.8,,,
C.DOMINADOR___220,220,2019,11,14,2,39.8,,,
C.DOMINADOR___220,220,2019,11,14,14,30.1,,,
C.DOMINADOR___220,220,2019,11,14,15,29.5,,,
C.DOMINADOR___220,220,2019,11,14,3,35.8,,,
C.DOMINADOR___220,220,2019,11,14,5,36.2,,,
C.DOMINADOR___220,220,2019,11,14,6,39.8,,,
C.DOMINADOR___220,220,2019,11,14,7,39.8,,,
C.DOMINADOR___220,220,2019,11,14,8,39,,,
C.DOMINADOR___220,220,2019,11,14,21,38.4,,,
C.DOMINADOR___220,220,2019,11,14,22,38.4,,,
C.DOMINADOR___220,220,2019,11,14,4,34.8,,,
C.DOMINADOR___220,220,2019,11,14,24,38.4,,,
C.DOMINADOR___220,220,2019,11,15,11,30.2,,,
C.DOMINADOR___220,220,2019,11,15,12,31,,,
C.DOMINADOR___220,220,2019,11,15,13,31.1,,,
C.DOMINADOR___220,220,2019,11,15,14,30.1,,,
C.DOMINADOR___220,220,2019,11,15,15,30.8,,,
C.DOMINADOR___220,220,2019,11,15,9,29.5,,,
C.DOMINADOR___220,220,2019,11,15,20,36.2,,,
C.DOMINADOR___220,220,2019,11,15,21,38.6,,,
C.DOMINADOR___220,220,2019,11,15,22,38.6,,,
C.DOMINADOR___220,220,2019,11,15,23,37.4,,,
C.DOMINADOR___220,220,2019,11,15,16,32.3,,,
C.DOMINADOR___220,220,2019,11,15,17,32.3,,,
C.DOMINADOR___220,220,2019,11,15,18,32.3,,,
C.DOMINADOR___220,220,2019,11,15,19,34.8,,,
C.DOMINADOR___220,220,2019,11,15,24,34.8,,,
C.DOMINADOR___220,220,2019,11,15,1,36.3,,,
C.DOMINADOR___220,220,2019,11,15,2,36.3,,,
C.DOMINADOR___220,220,2019,11,15,3,36.3,,,
C.DOMINADOR___220,220,2019,11,15,4,36.3,,,
C.DOMINADOR___220,220,2019,11,15,5,36.3,,,
C.DOMINADOR___220,220,2019,11,15,6,36.3,,,
C.DOMINADOR___220,220,2019,11,15,7,36.3,,,
C.DOMINADOR___220,220,2019,11,15,8,36.3,,,
C.DOMINADOR___220,220,2019,11,15,10,29.7,,,
C.DOMINADOR___220,220,2019,11,16,16,28.7,,,
C.DOMINADOR___220,220,2019,11,16,17,28.1,,,
C.DOMINADOR___220,220,2019,11,16,18,28.1,,,
C.DOMINADOR___220,220,2019,11,14,23,38.4,,,
C.DOMINADOR___220,220,2019,11,16,19,35.5,,,
C.DOMINADOR___220,220,2019,11,16,13,30.3,,,
C.DOMINADOR___220,220,2019,11,16,14,29.7,,,
C.DOMINADOR___220,220,2019,11,16,9,29.7,,,
C.DOMINADOR___220,220,2019,11,16,10,29.7,,,
C.DOMINADOR___220,220,2019,11,16,11,30.2,,,
C.DOMINADOR___220,220,2019,11,16,12,30.4,,,
C.DOMINADOR___220,220,2019,11,16,1,40.1,,,
C.DOMINADOR___220,220,2019,11,16,20,39.1,,,
C.DOMINADOR___220,220,2019,11,16,2,40.1,,,
C.DOMINADOR___220,220,2019,11,16,15,29.6,,,
C.DOMINADOR___220,220,2019,11,16,3,40.1,,,
C.DOMINADOR___220,220,2019,11,16,4,40.1,,,
C.DOMINADOR___220,220,2019,11,16,5,40.1,,,
C.DOMINADOR___220,220,2019,11,16,6,40.1,,,
C.DOMINADOR___220,220,2019,11,16,7,40.1,,,
C.DOMINADOR___220,220,2019,11,16,8,40.1,,,
C.DOMINADOR___220,220,2019,11,16,21,39.1,,,
C.DOMINADOR___220,220,2019,11,16,22,39.1,,,
C.DOMINADOR___220,220,2019,11,16,23,39.1,,,
C.DOMINADOR___220,220,2019,11,16,24,39.1,,,
C.DOMINADOR___220,220,2019,11,17,9,26.8,,,
C.DOMINADOR___220,220,2019,11,17,10,26.8,,,
C.DOMINADOR___220,220,2019,11,17,11,27.8,,,
C.DOMINADOR___220,220,2019,11,17,19,34.6,,,
C.DOMINADOR___220,220,2019,11,17,6,37.3,,,
C.DOMINADOR___220,220,2019,11,17,7,33.7,,,
C.DOMINADOR___220,220,2019,11,17,8,31.1,,,
C.DOMINADOR___220,220,2019,11,17,13,25.6,,,
C.DOMINADOR___220,220,2019,11,17,14,25.8,,,
C.DOMINADOR___220,220,2019,11,17,15,25.8,,,
C.DOMINADOR___220,220,2019,11,17,16,25.6,,,
C.DOMINADOR___220,220,2019,11,17,17,25.6,,,
C.DOMINADOR___220,220,2019,11,17,18,28.3,,,
C.DOMINADOR___220,220,2019,11,17,12,28.1,,,
C.DOMINADOR___220,220,2019,11,17,1,39.9,,,
C.DOMINADOR___220,220,2019,11,17,2,39.9,,,
C.DOMINADOR___220,220,2019,11,17,3,39.9,,,
C.DOMINADOR___220,220,2019,11,17,4,39.9,,,
C.DOMINADOR___220,220,2019,11,17,5,39.9,,,
C.DOMINADOR___220,220,2019,11,17,20,38.4,,,
C.DOMINADOR___220,220,2019,11,17,21,38.4,,,
C.DOMINADOR___220,220,2019,11,17,22,38.4,,,
C.DOMINADOR___220,220,2019,11,17,23,38.4,,,
C.DOMINADOR___220,220,2019,11,17,24,38.4,,,
C.DOMINADOR___220,220,2019,11,18,4,31.2,,,
C.DOMINADOR___220,220,2019,11,18,9,28.4,,,
C.DOMINADOR___220,220,2019,11,18,10,29.1,,,
C.DOMINADOR___220,220,2019,11,18,5,35.9,,,
C.DOMINADOR___220,220,2019,11,18,6,36.4,,,
C.DOMINADOR___220,220,2019,11,18,24,38.3,,,
C.DOMINADOR___220,220,2019,11,18,1,31.1,,,
C.DOMINADOR___220,220,2019,11,18,2,29.8,,,
C.DOMINADOR___220,220,2019,11,18,16,29.1,,,
C.DOMINADOR___220,220,2019,11,18,7,36.4,,,
C.DOMINADOR___220,220,2019,11,18,8,35.9,,,
C.DOMINADOR___220,220,2019,11,18,19,35,,,
C.DOMINADOR___220,220,2019,11,18,17,29.1,,,
C.DOMINADOR___220,220,2019,11,18,18,29.5,,,
C.DOMINADOR___220,220,2019,11,18,3,29.8,,,
C.DOMINADOR___220,220,2019,11,18,11,29.7,,,
C.DOMINADOR___220,220,2019,11,18,20,36.8,,,
C.DOMINADOR___220,220,2019,11,18,12,29.7,,,
C.DOMINADOR___220,220,2019,11,18,13,29.7,,,
C.DOMINADOR___220,220,2019,11,18,14,29.7,,,
C.DOMINADOR___220,220,2019,11,18,21,38.7,,,
C.DOMINADOR___220,220,2019,11,18,22,38.7,,,
C.DOMINADOR___220,220,2019,11,18,15,29.6,,,
C.DOMINADOR___220,220,2019,11,18,23,38.5,,,
C.DOMINADOR___220,220,2019,11,19,22,63.7,,,
C.DOMINADOR___220,220,2019,11,19,23,63.8,,,
C.DOMINADOR___220,220,2019,11,19,21,52.2,,,
C.DOMINADOR___220,220,2019,11,19,20,43.3,,,
C.DOMINADOR___220,220,2019,11,19,1,40,,,
C.DOMINADOR___220,220,2019,11,19,2,40,,,
C.DOMINADOR___220,220,2019,11,19,3,40,,,
C.DOMINADOR___220,220,2019,11,19,24,54.7,,,
C.DOMINADOR___220,220,2019,11,19,4,40,,,
C.DOMINADOR___220,220,2019,11,19,5,40,,,
C.DOMINADOR___220,220,2019,11,19,6,40,,,
C.DOMINADOR___220,220,2019,11,19,7,40,,,
C.DOMINADOR___220,220,2019,11,19,8,40,,,
C.DOMINADOR___220,220,2019,11,19,9,33.8,,,
C.DOMINADOR___220,220,2019,11,19,10,33.8,,,
C.DOMINADOR___220,220,2019,11,19,11,33.8,,,
C.DOMINADOR___220,220,2019,11,19,12,33.8,,,
C.DOMINADOR___220,220,2019,11,19,13,33.8,,,
C.DOMINADOR___220,220,2019,11,19,14,33.8,,,
C.DOMINADOR___220,220,2019,11,19,15,33.8,,,
C.DOMINADOR___220,220,2019,11,19,16,33.8,,,
C.DOMINADOR___220,220,2019,11,19,17,33.9,,,
C.DOMINADOR___220,220,2019,11,19,18,33.9,,,
C.DOMINADOR___220,220,2019,11,19,19,39.9,,,
C.DOMINADOR___220,220,2019,11,20,20,48.5,,,
C.DOMINADOR___220,220,2019,11,20,7,43.6,,,
C.DOMINADOR___220,220,2019,11,20,8,44.1,,,
C.DOMINADOR___220,220,2019,11,20,22,72.1,,,
C.DOMINADOR___220,220,2019,11,20,21,62.1,,,
C.DOMINADOR___220,220,2019,11,20,9,32.7,,,
C.DOMINADOR___220,220,2019,11,20,2,42.5,,,
C.DOMINADOR___220,220,2019,11,20,3,42.5,,,
C.DOMINADOR___220,220,2019,11,20,4,42.5,,,
C.DOMINADOR___220,220,2019,11,20,5,42.5,,,
C.DOMINADOR___220,220,2019,11,20,6,42.5,,,
C.DOMINADOR___220,220,2019,11,20,10,32.6,,,
C.DOMINADOR___220,220,2019,11,20,11,32.9,,,
C.DOMINADOR___220,220,2019,11,20,23,52.7,,,
C.DOMINADOR___220,220,2019,11,20,24,42.1,,,
C.DOMINADOR___220,220,2019,11,20,19,42.1,,,
C.DOMINADOR___220,220,2019,11,20,1,42.5,,,
C.DOMINADOR___220,220,2019,11,20,13,32.9,,,
C.DOMINADOR___220,220,2019,11,20,15,32.9,,,
C.DOMINADOR___220,220,2019,11,20,16,33,,,
C.DOMINADOR___220,220,2019,11,20,17,33,,,
C.DOMINADOR___220,220,2019,11,20,18,33,,,
C.DOMINADOR___220,220,2019,11,20,14,32.8,,,
C.DOMINADOR___220,220,2019,11,21,17,29.8,,,
C.DOMINADOR___220,220,2019,11,21,18,31.3,,,
C.DOMINADOR___220,220,2019,11,21,1,41.4,,,
C.DOMINADOR___220,220,2019,11,21,3,41.4,,,
C.DOMINADOR___220,220,2019,11,21,4,41.4,,,
C.DOMINADOR___220,220,2019,11,21,5,41.4,,,
C.DOMINADOR___220,220,2019,11,21,6,41.4,,,
C.DOMINADOR___220,220,2019,11,21,7,41.4,,,
C.DOMINADOR___220,220,2019,11,21,8,41.4,,,
C.DOMINADOR___220,220,2019,11,21,9,32.7,,,
C.DOMINADOR___220,220,2019,11,21,10,32.7,,,
C.DOMINADOR___220,220,2019,11,21,11,32.7,,,
C.DOMINADOR___220,220,2019,11,21,12,32.7,,,
C.DOMINADOR___220,220,2019,11,21,13,32.7,,,
C.DOMINADOR___220,220,2019,11,21,14,32.7,,,
C.DOMINADOR___220,220,2019,11,21,15,32.7,,,
C.DOMINADOR___220,220,2019,11,21,19,40.5,,,
C.DOMINADOR___220,220,2019,11,21,20,40.5,,,
C.DOMINADOR___220,220,2019,11,21,21,40.9,,,
C.DOMINADOR___220,220,2019,11,21,23,43.3,,,
C.DOMINADOR___220,220,2019,11,21,24,40.5,,,
C.DOMINADOR___220,220,2019,11,21,22,49,,,
C.DOMINADOR___220,220,2019,11,22,12,27.4,,,
C.DOMINADOR___220,220,2019,11,22,13,26.8,,,
C.DOMINADOR___220,220,2019,11,20,12,33,,,
C.DOMINADOR___220,220,2019,11,22,14,26.3,,,
C.DOMINADOR___220,220,2019,11,22,15,26.2,,,
C.DOMINADOR___220,220,2019,11,22,9,28.8,,,
C.DOMINADOR___220,220,2019,11,22,10,28.1,,,
C.DOMINADOR___220,220,2019,11,22,11,28,,,
C.DOMINADOR___220,220,2019,11,22,16,26.7,,,
C.DOMINADOR___220,220,2019,11,22,17,27.2,,,
C.DOMINADOR___220,220,2019,11,22,18,33,,,
C.DOMINADOR___220,220,2019,11,22,21,43.6,,,
C.DOMINADOR___220,220,2019,11,22,23,46.7,,,
C.DOMINADOR___220,220,2019,11,22,22,55,,,
C.DOMINADOR___220,220,2019,11,22,1,40.7,,,
C.DOMINADOR___220,220,2019,11,22,2,40.7,,,
C.DOMINADOR___220,220,2019,11,22,3,40.7,,,
C.DOMINADOR___220,220,2019,11,22,4,40.7,,,
C.DOMINADOR___220,220,2019,11,22,5,40.7,,,
C.DOMINADOR___220,220,2019,11,22,6,40.7,,,
C.DOMINADOR___220,220,2019,11,22,7,40.7,,,
C.DOMINADOR___220,220,2019,11,22,8,40.7,,,
C.DOMINADOR___220,220,2019,11,22,19,40.6,,,
C.DOMINADOR___220,220,2019,11,22,20,40.6,,,
C.DOMINADOR___220,220,2019,11,22,24,40.6,,,
C.DOMINADOR___220,220,2019,11,23,9,29.8,,,
C.DOMINADOR___220,220,2019,11,23,10,29.8,,,
C.DOMINADOR___220,220,2019,11,23,11,29.8,,,
C.DOMINADOR___220,220,2019,11,23,18,29.5,,,
C.DOMINADOR___220,220,2019,11,23,19,35.5,,,
C.DOMINADOR___220,220,2019,11,23,12,29.8,,,
C.DOMINADOR___220,220,2019,11,23,13,29.8,,,
C.DOMINADOR___220,220,2019,11,23,14,29.8,,,
C.DOMINADOR___220,220,2019,11,23,15,29.7,,,
C.DOMINADOR___220,220,2019,11,23,20,39.3,,,
C.DOMINADOR___220,220,2019,11,23,16,29.2,,,
C.DOMINADOR___220,220,2019,11,23,17,29.2,,,
C.DOMINADOR___220,220,2019,11,23,21,39.3,,,
C.DOMINADOR___220,220,2019,11,23,22,39.3,,,
C.DOMINADOR___220,220,2019,11,23,1,40.6,,,
C.DOMINADOR___220,220,2019,11,23,2,40.6,,,
C.DOMINADOR___220,220,2019,11,23,23,39.3,,,
C.DOMINADOR___220,220,2019,11,23,24,39.3,,,
C.DOMINADOR___220,220,2019,11,21,16,30,,,
C.DOMINADOR___220,220,2019,11,21,2,41.4,,,
C.DOMINADOR___220,220,2019,11,23,3,40.6,,,
C.DOMINADOR___220,220,2019,11,23,4,40.6,,,
C.DOMINADOR___220,220,2019,11,23,5,40.6,,,
C.DOMINADOR___220,220,2019,11,23,6,40.6,,,
C.DOMINADOR___220,220,2019,11,23,7,40.6,,,
C.DOMINADOR___220,220,2019,11,23,8,40.6,,,
C.DOMINADOR___220,220,2019,11,24,11,29,,,
C.DOMINADOR___220,220,2019,11,24,12,28.9,,,
C.DOMINADOR___220,220,2019,11,24,13,28.7,,,
C.DOMINADOR___220,220,2019,11,24,14,28.1,,,
C.DOMINADOR___220,220,2019,11,24,18,28.3,,,
C.DOMINADOR___220,220,2019,11,24,9,29.3,,,
C.DOMINADOR___220,220,2019,11,24,15,27.2,,,
C.DOMINADOR___220,220,2019,11,24,1,39.5,,,
C.DOMINADOR___220,220,2019,11,24,2,39.5,,,
C.DOMINADOR___220,220,2019,11,24,3,39.5,,,
C.DOMINADOR___220,220,2019,11,24,16,27.2,,,
C.DOMINADOR___220,220,2019,11,24,10,29.7,,,
C.DOMINADOR___220,220,2019,11,24,4,39.5,,,
C.DOMINADOR___220,220,2019,11,24,5,39.5,,,
C.DOMINADOR___220,220,2019,11,24,17,27.2,,,
C.DOMINADOR___220,220,2019,11,24,6,39.5,,,
C.DOMINADOR___220,220,2019,11,24,7,39.5,,,
C.DOMINADOR___220,220,2019,11,24,8,35.7,,,
C.DOMINADOR___220,220,2019,11,24,20,40,,,
C.DOMINADOR___220,220,2019,11,24,21,40,,,
C.DOMINADOR___220,220,2019,11,24,22,40,,,
C.DOMINADOR___220,220,2019,11,24,23,40,,,
C.DOMINADOR___220,220,2019,11,24,24,40,,,
C.DOMINADOR___220,220,2019,11,25,19,36.8,,,
C.DOMINADOR___220,220,2019,11,25,14,29.2,,,
C.DOMINADOR___220,220,2019,11,24,19,34.5,,,
C.DOMINADOR___220,220,2019,11,25,15,29.4,,,
C.DOMINADOR___220,220,2019,11,25,12,30.1,,,
C.DOMINADOR___220,220,2019,11,25,13,29.5,,,
C.DOMINADOR___220,220,2019,11,25,20,39.3,,,
C.DOMINADOR___220,220,2019,11,25,21,39.3,,,
C.DOMINADOR___220,220,2019,11,25,22,39.3,,,
C.DOMINADOR___220,220,2019,11,25,1,39.9,,,
C.DOMINADOR___220,220,2019,11,25,2,39.9,,,
C.DOMINADOR___220,220,2019,11,25,3,39.9,,,
C.DOMINADOR___220,220,2019,11,25,16,29.5,,,
C.DOMINADOR___220,220,2019,11,25,4,39.9,,,
C.DOMINADOR___220,220,2019,11,25,5,39.9,,,
C.DOMINADOR___220,220,2019,11,25,6,39.9,,,
C.DOMINADOR___220,220,2019,11,25,23,39.3,,,
C.DOMINADOR___220,220,2019,11,25,24,39.3,,,
C.DOMINADOR___220,220,2019,11,25,7,39.9,,,
C.DOMINADOR___220,220,2019,11,25,8,39.9,,,
C.DOMINADOR___220,220,2019,11,25,10,31.1,,,
C.DOMINADOR___220,220,2019,11,25,17,29.5,,,
C.DOMINADOR___220,220,2019,11,25,11,31.8,,,
C.DOMINADOR___220,220,2019,11,25,18,29.5,,,
C.DOMINADOR___220,220,2019,11,25,9,29.9,,,
C.DOMINADOR___220,220,2019,11,26,8,31.7,,,
C.DOMINADOR___220,220,2019,11,26,9,27.2,,,
C.DOMINADOR___220,220,2019,11,26,10,29.4,,,
C.DOMINADOR___220,220,2019,11,26,11,29.4,,,
C.DOMINADOR___220,220,2019,11,26,12,30.9,,,
C.DOMINADOR___220,220,2019,11,26,17,32.4,,,
C.DOMINADOR___220,220,2019,11,26,18,31.2,,,
C.DOMINADOR___220,220,2019,11,26,3,39.1,,,
C.DOMINADOR___220,220,2019,11,26,4,39.2,,,
C.DOMINADOR___220,220,2019,11,26,5,40.3,,,
C.DOMINADOR___220,220,2019,11,26,6,40.3,,,
C.DOMINADOR___220,220,2019,11,26,7,40.5,,,
C.DOMINADOR___220,220,2019,11,26,19,40,,,
C.DOMINADOR___220,220,2019,11,26,1,40.6,,,
C.DOMINADOR___220,220,2019,11,26,2,40.6,,,
C.DOMINADOR___220,220,2019,11,26,13,33.2,,,
C.DOMINADOR___220,220,2019,11,26,14,33.2,,,
C.DOMINADOR___220,220,2019,11,26,15,33.2,,,
C.DOMINADOR___220,220,2019,11,26,16,33.2,,,
C.DOMINADOR___220,220,2019,11,26,20,40.3,,,
C.DOMINADOR___220,220,2019,11,26,21,40.3,,,
C.DOMINADOR___220,220,2019,11,26,22,40.3,,,
C.DOMINADOR___220,220,2019,11,26,23,40.3,,,
C.DOMINADOR___220,220,2019,11,26,24,40.3,,,
C.DOMINADOR___220,220,2019,11,27,14,27,,,
C.DOMINADOR___220,220,2019,11,27,15,26.9,,,
C.DOMINADOR___220,220,2019,11,27,9,29.9,,,
C.DOMINADOR___220,220,2019,11,27,10,29.4,,,
C.DOMINADOR___220,220,2019,11,27,19,35.8,,,
C.DOMINADOR___220,220,2019,11,27,20,39.4,,,
C.DOMINADOR___220,220,2019,11,27,1,40.5,,,
C.DOMINADOR___220,220,2019,11,27,11,29.4,,,
C.DOMINADOR___220,220,2019,11,27,13,28,,,
C.DOMINADOR___220,220,2019,11,27,2,40.5,,,
C.DOMINADOR___220,220,2019,11,27,18,29.4,,,
C.DOMINADOR___220,220,2019,11,27,21,39.4,,,
C.DOMINADOR___220,220,2019,11,27,22,39.4,,,
C.DOMINADOR___220,220,2019,11,27,12,29.4,,,
C.DOMINADOR___220,220,2019,11,27,17,29.3,,,
C.DOMINADOR___220,220,2019,11,27,23,39.4,,,
C.DOMINADOR___220,220,2019,11,27,3,39.4,,,
C.DOMINADOR___220,220,2019,11,27,24,39.4,,,
C.DOMINADOR___220,220,2019,11,27,7,40.5,,,
C.DOMINADOR___220,220,2019,11,27,8,40.5,,,
C.DOMINADOR___220,220,2019,11,27,4,36.6,,,
C.DOMINADOR___220,220,2019,11,27,5,36.6,,,
C.DOMINADOR___220,220,2019,11,27,6,38.5,,,
C.DOMINADOR___220,220,2019,11,28,14,29.5,,,
C.DOMINADOR___220,220,2019,11,28,15,29.5,,,
C.DOMINADOR___220,220,2019,11,28,19,38.7,,,
C.DOMINADOR___220,220,2019,11,28,20,38.9,,,
C.DOMINADOR___220,220,2019,11,27,16,27.8,,,
C.DOMINADOR___220,220,2019,11,28,16,29.5,,,
C.DOMINADOR___220,220,2019,11,28,21,38.9,,,
C.DOMINADOR___220,220,2019,11,28,22,38.9,,,
C.DOMINADOR___220,220,2019,11,28,17,29.5,,,
C.DOMINADOR___220,220,2019,11,28,18,29.5,,,
C.DOMINADOR___220,220,2019,11,28,23,38.9,,,
C.DOMINADOR___220,220,2019,11,28,24,38.9,,,
C.DOMINADOR___220,220,2019,11,28,1,38.2,,,
C.DOMINADOR___220,220,2019,11,28,2,38.2,,,
C.DOMINADOR___220,220,2019,11,28,3,38.2,,,
C.DOMINADOR___220,220,2019,11,28,4,38.2,,,
C.DOMINADOR___220,220,2019,11,28,5,38.2,,,
C.DOMINADOR___220,220,2019,11,28,6,38.2,,,
C.DOMINADOR___220,220,2019,11,28,7,38.2,,,
C.DOMINADOR___220,220,2019,11,28,8,38.2,,,
C.DOMINADOR___220,220,2019,11,28,9,31.4,,,
C.DOMINADOR___220,220,2019,11,28,10,31.4,,,
C.DOMINADOR___220,220,2019,11,28,11,31.4,,,
C.DOMINADOR___220,220,2019,11,28,12,31.4,,,
C.DOMINADOR___220,220,2019,11,28,13,31.4,,,
C.DOMINADOR___220,220,2019,11,29,1,40.6,,,
C.DOMINADOR___220,220,2019,11,29,2,40.6,,,
C.DOMINADOR___220,220,2019,11,29,3,40.6,,,
C.DOMINADOR___220,220,2019,11,29,4,40.6,,,
C.DOMINADOR___220,220,2019,11,29,5,40.6,,,
C.DOMINADOR___220,220,2019,11,29,6,40.6,,,
C.DOMINADOR___220,220,2019,11,29,7,40.6,,,
C.DOMINADOR___220,220,2019,11,29,8,40.6,,,
C.DOMINADOR___220,220,2019,11,29,9,32.2,,,
C.DOMINADOR___220,220,2019,11,29,10,32.2,,,
C.DOMINADOR___220,220,2019,11,29,11,32.2,,,
C.DOMINADOR___220,220,2019,11,29,12,32.2,,,
C.DOMINADOR___220,220,2019,11,29,13,32.2,,,
C.DOMINADOR___220,220,2019,11,29,14,32.1,,,
C.DOMINADOR___220,220,2019,11,29,19,38.8,,,
C.DOMINADOR___220,220,2019,11,29,20,38.8,,,
C.DOMINADOR___220,220,2019,11,29,21,38.8,,,
C.DOMINADOR___220,220,2019,11,29,22,38.8,,,
C.DOMINADOR___220,220,2019,11,29,23,38.8,,,
C.DOMINADOR___220,220,2019,11,29,24,38.8,,,
C.DOMINADOR___220,220,2019,11,29,15,29.7,,,
C.DOMINADOR___220,220,2019,11,29,16,29.7,,,
C.DOMINADOR___220,220,2019,11,29,17,29.7,,,
C.DOMINADOR___220,220,2019,11,29,18,29.7,,,
C.DOMINADOR___220,220,2019,11,30,14,28.7,,,
C.DOMINADOR___220,220,2019,11,30,15,28.3,,,
C.DOMINADOR___220,220,2019,11,30,9,27.5,,,
C.DOMINADOR___220,220,2019,11,30,16,28.5,,,
C.DOMINADOR___220,220,2019,11,30,17,28.5,,,
C.DOMINADOR___220,220,2019,11,30,18,28.5,,,
C.DOMINADOR___220,220,2019,11,30,19,30.2,,,
C.DOMINADOR___220,220,2019,11,30,1,40.2,,,
C.DOMINADOR___220,220,2019,11,30,2,40.2,,,
C.DOMINADOR___220,220,2019,11,30,3,40.2,,,
C.DOMINADOR___220,220,2019,11,30,4,40.2,,,
C.DOMINADOR___220,220,2019,11,30,5,40.2,,,
C.DOMINADOR___220,220,2019,11,30,6,40.2,,,
C.DOMINADOR___220,220,2019,11,30,7,40.2,,,
C.DOMINADOR___220,220,2019,11,30,20,38.1,,,
C.DOMINADOR___220,220,2019,11,30,21,39,,,
C.DOMINADOR___220,220,2019,11,30,22,39,,,
C.DOMINADOR___220,220,2019,11,30,23,39,,,
C.DOMINADOR___220,220,2019,11,30,24,39,,,
C.DOMINADOR___220,220,2019,11,30,10,29.2,,,
C.DOMINADOR___220,220,2019,11,30,11,29.2,,,
C.DOMINADOR___220,220,2019,11,30,12,29.2,,,
C.DOMINADOR___220,220,2019,11,30,13,29.2,,,
C.DOMINADOR___220,220,2019,11,3,17,27.9,,,
C.DOMINADOR___220,220,2019,11,3,18,28.9,,,
C.DOMINADOR___220,220,2019,11,3,20,33.6,,,
C.DOMINADOR___220,220,2019,11,3,21,36.4,,,
C.DOMINADOR___220,220,2019,11,3,3,45.9,,,
C.DOMINADOR___220,220,2019,11,3,4,31.9,,,
C.DOMINADOR___220,220,2019,11,3,22,36.4,,,
C.DOMINADOR___220,220,2019,11,3,23,36.4,,,
C.DOMINADOR___220,220,2019,11,30,8,35.1,,,
C.DOMINADOR___220,220,2019,11,3,5,31.9,,,
C.DOMINADOR___220,220,2019,11,3,6,30.9,,,
C.DOMINADOR___220,220,2019,11,3,24,36.4,,,
C.DOMINADOR___220,220,2019,11,3,7,30.3,,,
C.DOMINADOR___220,220,2019,11,3,8,29.9,,,
C.DOMINADOR___220,220,2019,11,3,19,31.3,,,
C.DOMINADOR___220,220,2019,11,3,9,25.9,,,
C.DOMINADOR___220,220,2019,11,3,15,27.8,,,
C.DOMINADOR___220,220,2019,11,3,10,25.9,,,
C.DOMINADOR___220,220,2019,11,3,11,27,,,
C.DOMINADOR___220,220,2019,11,3,16,27.8,,,
C.DOMINADOR___220,220,2019,11,3,12,27.8,,,
C.DOMINADOR___220,220,2019,11,3,13,27.8,,,
C.DOMINADOR___220,220,2019,11,3,14,27.8,,,
C.DOMINADOR___220,220,2019,11,3,1,55.2,,,
C.DOMINADOR___220,220,2019,11,3,2,55.2,,,
C.DOMINADOR___220,220,2019,11,8,6,32,,,
C.DOMINADOR___220,220,2019,11,8,23,37,,,
C.DOMINADOR___220,220,2019,11,8,24,33.6,,,
C.DOMINADOR___220,220,2019,11,8,22,37.6,,,
C.DOMINADOR___220,220,2019,11,8,11,29.3,,,
C.DOMINADOR___220,220,2019,11,8,12,29.4,,,
C.DOMINADOR___220,220,2019,11,8,2,30.9,,,
C.DOMINADOR___220,220,2019,11,8,3,30.9,,,
C.DOMINADOR___220,220,2019,11,8,21,39.2,,,
C.DOMINADOR___220,220,2019,11,8,4,30.9,,,
C.DOMINADOR___220,220,2019,11,8,5,30.9,,,
C.DOMINADOR___220,220,2019,11,8,9,27.6,,,
C.DOMINADOR___220,220,2019,11,8,8,31.9,,,
C.DOMINADOR___220,220,2019,11,8,19,33.5,,,
C.DOMINADOR___220,220,2019,11,8,20,37.6,,,
C.DOMINADOR___220,220,2019,11,8,13,29.4,,,
C.DOMINADOR___220,220,2019,11,8,14,29.4,,,
C.DOMINADOR___220,220,2019,11,8,15,29.4,,,
C.DOMINADOR___220,220,2019,11,8,1,31,,,
C.DOMINADOR___220,220,2019,11,8,10,29.3,,,
C.DOMINADOR___220,220,2019,11,8,16,29.4,,,
C.DOMINADOR___220,220,2019,11,8,17,29.4,,,
C.DOMINADOR___220,220,2019,11,8,18,29.3,,,
C.DOMINADOR___220,220,2019,11,8,7,32.9,,,
C.DOMINADOR___220,220,2019,11,11,9,26.4,,,
C.DOMINADOR___220,220,2019,11,11,10,29.4,,,
C.DOMINADOR___220,220,2019,11,11,11,29.4,,,
C.DOMINADOR___220,220,2019,11,11,13,30.3,,,
C.DOMINADOR___220,220,2019,11,11,14,30.3,,,
C.DOMINADOR___220,220,2019,11,11,1,32,,,
C.DOMINADOR___220,220,2019,11,11,8,30.6,,,
C.DOMINADOR___220,220,2019,11,11,12,29.9,,,
C.DOMINADOR___220,220,2019,11,11,15,30.2,,,
C.DOMINADOR___220,220,2019,11,11,16,29.9,,,
C.DOMINADOR___220,220,2019,11,11,24,40.8,,,
C.DOMINADOR___220,220,2019,11,11,2,31.2,,,
C.DOMINADOR___220,220,2019,11,11,17,31,,,
C.DOMINADOR___220,220,2019,11,11,18,31.5,,,
C.DOMINADOR___220,220,2019,11,11,19,39.9,,,
C.DOMINADOR___220,220,2019,11,11,20,39.9,,,
C.DOMINADOR___220,220,2019,11,11,21,39.9,,,
C.DOMINADOR___220,220,2019,11,11,22,41.5,,,
C.DOMINADOR___220,220,2019,11,11,3,31,,,
C.DOMINADOR___220,220,2019,11,11,6,31,,,
C.DOMINADOR___220,220,2019,11,11,7,31,,,
C.DOMINADOR___220,220,2019,11,11,4,31,,,
C.DOMINADOR___220,220,2019,11,11,5,31,,,
C.DOMINADOR___220,220,2019,11,11,23,41.8,,,
C.DOMINADOR___220,220,2019,12,1,1,40.6,,,
C.DOMINADOR___220,220,2019,12,1,2,40,,,
C.DOMINADOR___220,220,2019,12,1,3,39.4,,,
C.DOMINADOR___220,220,2019,12,1,4,37.9,,,
C.DOMINADOR___220,220,2019,12,1,5,33.5,,,
C.DOMINADOR___220,220,2019,12,1,6,33.5,,,
C.DOMINADOR___220,220,2019,12,1,9,28.2,,,
C.DOMINADOR___220,220,2019,12,1,10,28.2,,,
C.DOMINADOR___220,220,2019,12,1,11,28.2,,,
C.DOMINADOR___220,220,2019,12,1,12,28.2,,,
C.DOMINADOR___220,220,2019,12,1,13,28.2,,,
C.DOMINADOR___220,220,2019,12,1,14,28.2,,,
C.DOMINADOR___220,220,2019,12,1,15,28.2,,,
C.DOMINADOR___220,220,2019,12,1,16,28.2,,,
C.DOMINADOR___220,220,2019,12,1,17,28.2,,,
C.DOMINADOR___220,220,2019,12,1,18,28.3,,,
C.DOMINADOR___220,220,2019,12,1,7,29,,,
C.DOMINADOR___220,220,2019,12,1,19,34.9,,,
C.DOMINADOR___220,220,2019,12,1,21,38,,,
C.DOMINADOR___220,220,2019,12,1,22,38.6,,,
C.DOMINADOR___220,220,2019,12,1,23,38.6,,,
C.DOMINADOR___220,220,2019,12,1,24,38.6,,,
C.DOMINADOR___220,220,2019,12,1,8,29.4,,,
C.DOMINADOR___220,220,2019,12,1,20,34.9,,,
C.DOMINADOR___220,220,2019,12,2,1,40.8,,,
C.DOMINADOR___220,220,2019,12,2,2,39.9,,,
C.DOMINADOR___220,220,2019,12,2,6,40.8,,,
C.DOMINADOR___220,220,2019,12,2,7,40.8,,,
C.DOMINADOR___220,220,2019,12,2,5,39.7,,,
C.DOMINADOR___220,220,2019,12,2,9,29.4,,,
C.DOMINADOR___220,220,2019,12,2,3,35.7,,,
C.DOMINADOR___220,220,2019,12,2,4,36.1,,,
C.DOMINADOR___220,220,2019,12,2,8,39.3,,,
C.DOMINADOR___220,220,2019,12,2,10,30.3,,,
C.DOMINADOR___220,220,2019,12,2,11,29.8,,,
C.DOMINADOR___220,220,2019,12,2,12,29.5,,,
C.DOMINADOR___220,220,2019,12,2,13,29.5,,,
C.DOMINADOR___220,220,2019,12,2,15,31.6,,,
C.DOMINADOR___220,220,2019,12,2,16,32.5,,,
C.DOMINADOR___220,220,2019,12,2,17,33.2,,,
C.DOMINADOR___220,220,2019,12,2,18,31.4,,,
C.DOMINADOR___220,220,2019,12,2,14,29.5,,,
C.DOMINADOR___220,220,2019,12,2,20,40.3,,,
C.DOMINADOR___220,220,2019,12,2,21,41.4,,,
C.DOMINADOR___220,220,2019,12,2,22,41.4,,,
C.DOMINADOR___220,220,2019,12,2,23,41.4,,,
C.DOMINADOR___220,220,2019,12,2,24,41.4,,,
C.DOMINADOR___220,220,2019,12,2,19,35.7,,,
C.DOMINADOR___220,220,2019,12,3,1,39.4,,,
C.DOMINADOR___220,220,2019,12,3,2,39.4,,,
C.DOMINADOR___220,220,2019,12,3,4,39.2,,,
C.DOMINADOR___220,220,2019,12,3,5,39.4,,,
C.DOMINADOR___220,220,2019,12,3,6,39.4,,,
C.DOMINADOR___220,220,2019,12,3,7,39.4,,,
C.DOMINADOR___220,220,2019,12,3,8,39.4,,,
C.DOMINADOR___220,220,2019,12,3,3,38.6,,,
C.DOMINADOR___220,220,2019,12,3,10,32.1,,,
C.DOMINADOR___220,220,2019,12,3,11,32.1,,,
C.DOMINADOR___220,220,2019,12,3,9,31.8,,,
C.DOMINADOR___220,220,2019,12,3,14,31.1,,,
C.DOMINADOR___220,220,2019,12,3,16,32,,,
C.DOMINADOR___220,220,2019,12,3,17,31.8,,,
C.DOMINADOR___220,220,2019,12,3,19,34.5,,,
C.DOMINADOR___220,220,2019,12,3,20,39.3,,,
C.DOMINADOR___220,220,2019,12,3,21,39.5,,,
C.DOMINADOR___220,220,2019,12,3,22,39.5,,,
C.DOMINADOR___220,220,2019,12,3,23,39.5,,,
C.DOMINADOR___220,220,2019,12,3,24,39.5,,,
C.DOMINADOR___220,220,2019,12,3,12,32.1,,,
C.DOMINADOR___220,220,2019,12,3,15,31.1,,,
C.DOMINADOR___220,220,2019,12,3,13,32.1,,,
C.DOMINADOR___220,220,2019,12,3,18,29.3,,,
C.DOMINADOR___220,220,2019,12,4,1,41.3,,,
C.DOMINADOR___220,220,2019,12,4,2,41.3,,,
C.DOMINADOR___220,220,2019,12,4,3,41.3,,,
C.DOMINADOR___220,220,2019,12,4,4,41.3,,,
C.DOMINADOR___220,220,2019,12,4,5,41.3,,,
C.DOMINADOR___220,220,2019,12,4,6,41.3,,,
C.DOMINADOR___220,220,2019,12,4,7,41.3,,,
C.DOMINADOR___220,220,2019,12,4,8,31.3,,,
C.DOMINADOR___220,220,2019,12,4,11,32.2,,,
C.DOMINADOR___220,220,2019,12,4,12,32,,,
C.DOMINADOR___220,220,2019,12,4,9,30.6,,,
C.DOMINADOR___220,220,2019,12,4,10,32.7,,,
C.DOMINADOR___220,220,2019,12,4,15,29.8,,,
C.DOMINADOR___220,220,2019,12,4,16,29.8,,,
C.DOMINADOR___220,220,2019,12,4,17,29.8,,,
C.DOMINADOR___220,220,2019,12,4,14,31,,,
C.DOMINADOR___220,220,2019,12,4,18,29.5,,,
C.DOMINADOR___220,220,2019,12,4,19,35.3,,,
C.DOMINADOR___220,220,2019,12,4,20,41.1,,,
C.DOMINADOR___220,220,2019,12,4,21,41.3,,,
C.DOMINADOR___220,220,2019,12,4,22,41.3,,,
C.DOMINADOR___220,220,2019,12,4,23,41.3,,,
C.DOMINADOR___220,220,2019,12,4,24,41.3,,,
C.DOMINADOR___220,220,2019,12,4,13,32.3,,,
C.DOMINADOR___220,220,2019,12,5,1,39.8,,,
C.DOMINADOR___220,220,2019,12,5,2,39.8,,,
C.DOMINADOR___220,220,2019,12,5,3,39.8,,,
C.DOMINADOR___220,220,2019,12,5,4,39.8,,,
C.DOMINADOR___220,220,2019,12,5,5,39.8,,,
C.DOMINADOR___220,220,2019,12,5,6,39.8,,,
C.DOMINADOR___220,220,2019,12,5,7,39.8,,,
C.DOMINADOR___220,220,2019,12,5,8,39.8,,,
C.DOMINADOR___220,220,2019,12,5,9,29.8,,,
C.DOMINADOR___220,220,2019,12,5,10,30.2,,,
C.DOMINADOR___220,220,2019,12,5,11,31.9,,,
C.DOMINADOR___220,220,2019,12,5,12,32.1,,,
C.DOMINADOR___220,220,2019,12,5,13,32.3,,,
C.DOMINADOR___220,220,2019,12,5,14,32.3,,,
C.DOMINADOR___220,220,2019,12,5,15,32.3,,,
C.DOMINADOR___220,220,2019,12,5,16,32.3,,,
C.DOMINADOR___220,220,2019,12,5,17,32.3,,,
C.DOMINADOR___220,220,2019,12,5,18,32.3,,,
C.DOMINADOR___220,220,2019,12,5,20,39.6,,,
C.DOMINADOR___220,220,2019,12,5,21,39.6,,,
C.DOMINADOR___220,220,2019,12,5,22,39.6,,,
C.DOMINADOR___220,220,2019,12,5,23,39.6,,,
C.DOMINADOR___220,220,2019,12,5,24,39.6,,,
C.DOMINADOR___220,220,2019,12,5,19,37.5,,,
C.DOMINADOR___220,220,2019,12,6,1,40.8,,,
C.DOMINADOR___220,220,2019,12,6,2,40.8,,,
C.DOMINADOR___220,220,2019,12,6,3,40.8,,,
C.DOMINADOR___220,220,2019,12,6,4,40.8,,,
C.DOMINADOR___220,220,2019,12,6,5,40.8,,,
C.DOMINADOR___220,220,2019,12,6,6,40.8,,,
C.DOMINADOR___220,220,2019,12,6,7,40.8,,,
C.DOMINADOR___220,220,2019,12,6,8,40.6,,,
C.DOMINADOR___220,220,2019,12,6,9,31.5,,,
C.DOMINADOR___220,220,2019,12,6,10,31.5,,,
C.DOMINADOR___220,220,2019,12,6,11,31.5,,,
C.DOMINADOR___220,220,2019,12,6,12,31.5,,,
C.DOMINADOR___220,220,2019,12,6,13,31.5,,,
C.DOMINADOR___220,220,2019,12,6,14,31.5,,,
C.DOMINADOR___220,220,2019,12,6,15,31.5,,,
C.DOMINADOR___220,220,2019,12,6,16,31.5,,,
C.DOMINADOR___220,220,2019,12,6,17,31.3,,,
C.DOMINADOR___220,220,2019,12,6,18,30.6,,,
C.DOMINADOR___220,220,2019,12,6,20,38.4,,,
C.DOMINADOR___220,220,2019,12,6,21,38.5,,,
C.DOMINADOR___220,220,2019,12,6,22,38.5,,,
C.DOMINADOR___220,220,2019,12,6,23,38.5,,,
C.DOMINADOR___220,220,2019,12,6,24,38.5,,,
C.DOMINADOR___220,220,2019,12,6,19,35.6,,,
C.DOMINADOR___220,220,2019,12,7,1,38.6,,,
C.DOMINADOR___220,220,2019,12,7,2,38.6,,,
C.DOMINADOR___220,220,2019,12,7,3,38.6,,,
C.DOMINADOR___220,220,2019,12,7,4,38.6,,,
C.DOMINADOR___220,220,2019,12,7,5,38.6,,,
C.DOMINADOR___220,220,2019,12,7,6,38.6,,,
C.DOMINADOR___220,220,2019,12,7,7,38.6,,,
C.DOMINADOR___220,220,2019,12,7,8,33,,,
C.DOMINADOR___220,220,2019,12,7,9,28.6,,,
C.DOMINADOR___220,220,2019,12,7,10,28.6,,,
C.DOMINADOR___220,220,2019,12,7,11,28.6,,,
C.DOMINADOR___220,220,2019,12,7,12,28.6,,,
C.DOMINADOR___220,220,2019,12,7,13,28.6,,,
C.DOMINADOR___220,220,2019,12,7,14,28.6,,,
C.DOMINADOR___220,220,2019,12,7,15,28.6,,,
C.DOMINADOR___220,220,2019,12,7,16,28.6,,,
C.DOMINADOR___220,220,2019,12,7,17,27.5,,,
C.DOMINADOR___220,220,2019,12,7,18,26.9,,,
C.DOMINADOR___220,220,2019,12,7,20,35.9,,,
C.DOMINADOR___220,220,2019,12,7,21,36.8,,,
C.DOMINADOR___220,220,2019,12,7,22,36.8,,,
C.DOMINADOR___220,220,2019,12,7,23,36.8,,,
C.DOMINADOR___220,220,2019,12,7,24,36.8,,,
C.DOMINADOR___220,220,2019,12,7,19,29.9,,,
C.DOMINADOR___220,220,2019,12,8,1,35.2,,,
C.DOMINADOR___220,220,2019,12,8,2,35.2,,,
C.DOMINADOR___220,220,2019,12,8,3,35.2,,,
C.DOMINADOR___220,220,2019,12,8,4,35.2,,,
C.DOMINADOR___220,220,2019,12,8,5,35.2,,,
C.DOMINADOR___220,220,2019,12,8,6,35.2,,,
C.DOMINADOR___220,220,2019,12,8,7,32,,,
C.DOMINADOR___220,220,2019,12,8,8,30.1,,,
C.DOMINADOR___220,220,2019,12,8,9,25.9,,,
C.DOMINADOR___220,220,2019,12,8,10,27,,,
C.DOMINADOR___220,220,2019,12,8,12,29.3,,,
C.DOMINADOR___220,220,2019,12,8,13,29.6,,,
C.DOMINADOR___220,220,2019,12,8,14,29.6,,,
C.DOMINADOR___220,220,2019,12,8,15,29.6,,,
C.DOMINADOR___220,220,2019,12,8,16,29.3,,,
C.DOMINADOR___220,220,2019,12,8,17,29,,,
C.DOMINADOR___220,220,2019,12,8,18,29,,,
C.DOMINADOR___220,220,2019,12,8,19,31.8,,,
C.DOMINADOR___220,220,2019,12,8,20,36.8,,,
C.DOMINADOR___220,220,2019,12,8,21,36.8,,,
C.DOMINADOR___220,220,2019,12,8,22,36.8,,,
C.DOMINADOR___220,220,2019,12,8,23,36.8,,,
C.DOMINADOR___220,220,2019,12,8,24,36.8,,,
C.DOMINADOR___220,220,2019,12,8,11,27.1,,,
C.DOMINADOR___220,220,2019,12,9,1,37.7,,,
C.DOMINADOR___220,220,2019,12,9,2,37.7,,,
C.DOMINADOR___220,220,2019,12,9,3,37.7,,,
C.DOMINADOR___220,220,2019,12,9,4,37.7,,,
C.DOMINADOR___220,220,2019,12,9,5,37.7,,,
C.DOMINADOR___220,220,2019,12,9,6,37.7,,,
C.DOMINADOR___220,220,2019,12,9,7,37.7,,,
C.DOMINADOR___220,220,2019,12,9,8,37.7,,,
C.DOMINADOR___220,220,2019,12,9,9,30.2,,,
C.DOMINADOR___220,220,2019,12,9,10,30.2,,,
C.DOMINADOR___220,220,2019,12,9,11,30.2,,,
C.DOMINADOR___220,220,2019,12,9,12,30.2,,,
C.DOMINADOR___220,220,2019,12,9,13,30.2,,,
C.DOMINADOR___220,220,2019,12,9,14,30.2,,,
C.DOMINADOR___220,220,2019,12,9,15,30.2,,,
C.DOMINADOR___220,220,2019,12,9,16,30.2,,,
C.DOMINADOR___220,220,2019,12,9,17,30.2,,,
C.DOMINADOR___220,220,2019,12,9,18,30.2,,,
C.DOMINADOR___220,220,2019,12,9,20,36.8,,,
C.DOMINADOR___220,220,2019,12,9,21,37.3,,,
C.DOMINADOR___220,220,2019,12,9,22,37.3,,,
C.DOMINADOR___220,220,2019,12,9,23,37.3,,,
C.DOMINADOR___220,220,2019,12,9,24,37.3,,,
C.DOMINADOR___220,220,2019,12,9,19,36.3,,,
C.DOMINADOR___220,220,2019,12,10,1,37.8,,,
C.DOMINADOR___220,220,2019,12,10,2,37.8,,,
C.DOMINADOR___220,220,2019,12,10,3,37.8,,,
C.DOMINADOR___220,220,2019,12,10,4,37.8,,,
C.DOMINADOR___220,220,2019,12,10,5,37.8,,,
C.DOMINADOR___220,220,2019,12,10,6,37.8,,,
C.DOMINADOR___220,220,2019,12,10,7,37.8,,,
C.DOMINADOR___220,220,2019,12,10,8,37.8,,,
C.DOMINADOR___220,220,2019,12,10,9,31.1,,,
C.DOMINADOR___220,220,2019,12,10,10,31.1,,,
C.DOMINADOR___220,220,2019,12,10,11,31.1,,,
C.DOMINADOR___220,220,2019,12,10,12,31.1,,,
C.DOMINADOR___220,220,2019,12,10,13,31.1,,,
C.DOMINADOR___220,220,2019,12,10,15,30.6,,,
C.DOMINADOR___220,220,2019,12,10,16,30.5,,,
C.DOMINADOR___220,220,2019,12,10,17,30.5,,,
C.DOMINADOR___220,220,2019,12,10,14,31.1,,,
C.DOMINADOR___220,220,2019,12,10,20,37.1,,,
C.DOMINADOR___220,220,2019,12,10,21,37.5,,,
C.DOMINADOR___220,220,2019,12,10,22,37.5,,,
C.DOMINADOR___220,220,2019,12,10,23,37.5,,,
C.DOMINADOR___220,220,2019,12,10,24,37.5,,,
C.DOMINADOR___220,220,2019,12,10,18,30.5,,,
C.DOMINADOR___220,220,2019,12,10,19,32.2,,,
C.DOMINADOR___220,220,2019,12,11,3,37.9,,,
C.DOMINADOR___220,220,2019,12,11,4,37.9,,,
C.DOMINADOR___220,220,2019,12,11,5,37.9,,,
C.DOMINADOR___220,220,2019,12,11,2,38.2,,,
C.DOMINADOR___220,220,2019,12,11,6,38.3,,,
C.DOMINADOR___220,220,2019,12,11,1,39,,,
C.DOMINADOR___220,220,2019,12,11,7,39,,,
C.DOMINADOR___220,220,2019,12,11,8,39,,,
C.DOMINADOR___220,220,2019,12,11,9,31.3,,,
C.DOMINADOR___220,220,2019,12,11,10,31.3,,,
C.DOMINADOR___220,220,2019,12,11,11,31.3,,,
C.DOMINADOR___220,220,2019,12,11,12,31.3,,,
C.DOMINADOR___220,220,2019,12,11,14,30.2,,,
C.DOMINADOR___220,220,2019,12,11,17,29.6,,,
C.DOMINADOR___220,220,2019,12,11,18,29.1,,,
C.DOMINADOR___220,220,2019,12,11,13,31.2,,,
C.DOMINADOR___220,220,2019,12,11,15,30.6,,,
C.DOMINADOR___220,220,2019,12,11,16,30.6,,,
C.DOMINADOR___220,220,2019,12,11,19,35.3,,,
C.DOMINADOR___220,220,2019,12,11,21,37.9,,,
C.DOMINADOR___220,220,2019,12,11,22,37.9,,,
C.DOMINADOR___220,220,2019,12,11,23,37.9,,,
C.DOMINADOR___220,220,2019,12,12,1,38.7,,,
C.DOMINADOR___220,220,2019,12,12,2,38.7,,,
C.DOMINADOR___220,220,2019,12,12,3,38.7,,,
C.DOMINADOR___220,220,2019,12,12,4,38.7,,,
C.DOMINADOR___220,220,2019,12,12,5,38.7,,,
C.DOMINADOR___220,220,2019,12,12,6,38.7,,,
C.DOMINADOR___220,220,2019,12,12,7,38.7,,,
C.DOMINADOR___220,220,2019,12,12,8,38.7,,,
C.DOMINADOR___220,220,2019,12,12,9,29.2,,,
C.DOMINADOR___220,220,2019,12,12,10,30.1,,,
C.DOMINADOR___220,220,2019,12,12,11,30.4,,,
C.DOMINADOR___220,220,2019,12,12,12,30.7,,,
C.DOMINADOR___220,220,2019,12,12,13,30.8,,,
C.DOMINADOR___220,220,2019,12,12,14,30.8,,,
C.DOMINADOR___220,220,2019,12,12,15,30.8,,,
C.DOMINADOR___220,220,2019,12,12,16,30.8,,,
C.DOMINADOR___220,220,2019,12,12,17,30.8,,,
C.DOMINADOR___220,220,2019,12,12,18,30.8,,,
C.DOMINADOR___220,220,2019,12,12,19,38.8,,,
C.DOMINADOR___220,220,2019,12,12,20,38.8,,,
C.DOMINADOR___220,220,2019,12,12,21,38.8,,,
C.DOMINADOR___220,220,2019,12,12,22,38.8,,,
C.DOMINADOR___220,220,2019,12,12,23,38.8,,,
C.DOMINADOR___220,220,2019,12,12,24,38.8,,,
C.DOMINADOR___220,220,2019,12,13,1,38.9,,,
C.DOMINADOR___220,220,2019,12,13,2,38.9,,,
C.DOMINADOR___220,220,2019,12,13,3,38.9,,,
C.DOMINADOR___220,220,2019,12,13,4,38.9,,,
C.DOMINADOR___220,220,2019,12,13,5,38.9,,,
C.DOMINADOR___220,220,2019,12,13,6,38.9,,,
C.DOMINADOR___220,220,2019,12,13,7,38.9,,,
C.DOMINADOR___220,220,2019,12,13,8,38.9,,,
C.DOMINADOR___220,220,2019,12,13,9,30.5,,,
C.DOMINADOR___220,220,2019,12,13,10,30.5,,,
C.DOMINADOR___220,220,2019,12,13,11,30.5,,,
C.DOMINADOR___220,220,2019,12,13,12,30.5,,,
C.DOMINADOR___220,220,2019,12,13,13,30.5,,,
C.DOMINADOR___220,220,2019,12,13,14,30.5,,,
C.DOMINADOR___220,220,2019,12,13,15,30.5,,,
C.DOMINADOR___220,220,2019,12,13,16,30.5,,,
C.DOMINADOR___220,220,2019,12,13,17,30.5,,,
C.DOMINADOR___220,220,2019,12,13,18,30.5,,,
C.DOMINADOR___220,220,2019,12,13,19,38.9,,,
C.DOMINADOR___220,220,2019,12,13,20,38.9,,,
C.DOMINADOR___220,220,2019,12,13,21,38.9,,,
C.DOMINADOR___220,220,2019,12,13,22,38.9,,,
C.DOMINADOR___220,220,2019,12,13,23,38.9,,,
C.DOMINADOR___220,220,2019,12,13,24,38.9,,,
C.DOMINADOR___220,220,2019,12,14,1,39.3,,,
C.DOMINADOR___220,220,2019,12,14,2,39.3,,,
C.DOMINADOR___220,220,2019,12,14,3,39.3,,,
C.DOMINADOR___220,220,2019,12,14,4,39.3,,,
C.DOMINADOR___220,220,2019,12,14,5,39.3,,,
C.DOMINADOR___220,220,2019,12,14,6,39.3,,,
C.DOMINADOR___220,220,2019,12,14,7,39.3,,,
C.DOMINADOR___220,220,2019,12,14,9,28.8,,,
C.DOMINADOR___220,220,2019,12,14,10,31.3,,,
C.DOMINADOR___220,220,2019,12,14,11,31.3,,,
C.DOMINADOR___220,220,2019,12,14,12,31.3,,,
C.DOMINADOR___220,220,2019,12,14,13,31.3,,,
C.DOMINADOR___220,220,2019,12,14,8,38,,,
C.DOMINADOR___220,220,2019,12,14,14,30.5,,,
C.DOMINADOR___220,220,2019,12,14,15,30.3,,,
C.DOMINADOR___220,220,2019,12,14,16,29.4,,,
C.DOMINADOR___220,220,2019,12,14,20,36.7,,,
C.DOMINADOR___220,220,2019,12,14,21,38.2,,,
C.DOMINADOR___220,220,2019,12,14,22,38.2,,,
C.DOMINADOR___220,220,2019,12,14,23,38.2,,,
C.DOMINADOR___220,220,2019,12,14,18,28.6,,,
C.DOMINADOR___220,220,2019,12,14,24,38.2,,,
C.DOMINADOR___220,220,2019,12,14,17,30,,,
C.DOMINADOR___220,220,2019,12,14,19,30.1,,,
C.DOMINADOR___220,220,2019,12,15,2,33.3,,,
C.DOMINADOR___220,220,2019,12,15,3,32.7,,,
C.DOMINADOR___220,220,2019,12,15,5,32.7,,,
C.DOMINADOR___220,220,2019,12,15,6,32.1,,,
C.DOMINADOR___220,220,2019,12,15,10,28.8,,,
C.DOMINADOR___220,220,2019,12,15,9,27.3,,,
C.DOMINADOR___220,220,2019,12,15,13,26,,,
C.DOMINADOR___220,220,2019,12,15,14,26.6,,,
C.DOMINADOR___220,220,2019,12,15,17,28.9,,,
C.DOMINADOR___220,220,2019,12,15,19,31.1,,,
C.DOMINADOR___220,220,2019,12,15,15,26.6,,,
C.DOMINADOR___220,220,2019,12,15,16,26.8,,,
C.DOMINADOR___220,220,2019,12,15,21,36.9,,,
C.DOMINADOR___220,220,2019,12,15,22,36.9,,,
C.DOMINADOR___220,220,2019,12,15,1,36.2,,,
C.DOMINADOR___220,220,2019,12,15,20,34.7,,,
C.DOMINADOR___220,220,2019,12,15,24,36.4,,,
C.DOMINADOR___220,220,2019,12,15,8,30.4,,,
C.DOMINADOR___220,220,2019,12,15,18,28.9,,,
C.DOMINADOR___220,220,2019,12,16,1,31.5,,,
C.DOMINADOR___220,220,2019,12,16,2,31.1,,,
C.DOMINADOR___220,220,2019,12,16,3,30.9,,,
C.DOMINADOR___220,220,2019,12,16,4,30.9,,,
C.DOMINADOR___220,220,2019,12,16,5,30.9,,,
C.DOMINADOR___220,220,2019,12,16,7,31.7,,,
C.DOMINADOR___220,220,2019,12,16,6,31,,,
C.DOMINADOR___220,220,2019,12,16,8,31.3,,,
C.DOMINADOR___220,220,2019,12,16,9,29.2,,,
C.DOMINADOR___220,220,2019,12,16,10,30,,,
C.DOMINADOR___220,220,2019,12,16,11,29.5,,,
C.DOMINADOR___220,220,2019,12,16,12,29.1,,,
C.DOMINADOR___220,220,2019,12,16,13,29.1,,,
C.DOMINADOR___220,220,2019,12,16,14,29.1,,,
C.DOMINADOR___220,220,2019,12,16,15,29.1,,,
C.DOMINADOR___220,220,2019,12,16,20,34.6,,,
C.DOMINADOR___220,220,2019,12,16,21,34.6,,,
C.DOMINADOR___220,220,2019,12,16,22,34.6,,,
C.DOMINADOR___220,220,2019,12,16,23,34.6,,,
C.DOMINADOR___220,220,2019,12,16,16,29.2,,,
C.DOMINADOR___220,220,2019,12,16,17,29.2,,,
C.DOMINADOR___220,220,2019,12,16,18,29.2,,,
C.DOMINADOR___220,220,2019,12,16,19,30.9,,,
C.DOMINADOR___220,220,2019,12,16,24,34.6,,,
C.DOMINADOR___220,220,2019,12,17,2,35.3,,,
C.DOMINADOR___220,220,2019,12,17,3,35.3,,,
C.DOMINADOR___220,220,2019,12,17,4,35.3,,,
C.DOMINADOR___220,220,2019,12,17,5,35.3,,,
C.DOMINADOR___220,220,2019,12,17,6,35.3,,,
C.DOMINADOR___220,220,2019,12,17,7,35.3,,,
C.DOMINADOR___220,220,2019,12,17,8,35.3,,,
C.DOMINADOR___220,220,2019,12,17,9,30.5,,,
C.DOMINADOR___220,220,2019,12,17,10,30.6,,,
C.DOMINADOR___220,220,2019,12,17,11,30.6,,,
C.DOMINADOR___220,220,2019,12,17,12,30.6,,,
C.DOMINADOR___220,220,2019,12,17,13,30.6,,,
C.DOMINADOR___220,220,2019,12,17,14,30.6,,,
C.DOMINADOR___220,220,2019,12,17,15,30.6,,,
C.DOMINADOR___220,220,2019,12,17,16,30.6,,,
C.DOMINADOR___220,220,2019,12,17,17,30.6,,,
C.DOMINADOR___220,220,2019,12,17,18,30.6,,,
C.DOMINADOR___220,220,2019,12,17,19,37.8,,,
C.DOMINADOR___220,220,2019,12,17,20,37.8,,,
C.DOMINADOR___220,220,2019,12,17,21,37.8,,,
C.DOMINADOR___220,220,2019,12,17,22,37.8,,,
C.DOMINADOR___220,220,2019,12,17,23,37.8,,,
C.DOMINADOR___220,220,2019,12,17,24,37.8,,,
C.DOMINADOR___220,220,2019,12,18,1,39,,,
C.DOMINADOR___220,220,2019,12,18,2,39,,,
C.DOMINADOR___220,220,2019,12,18,3,39,,,
C.DOMINADOR___220,220,2019,12,18,4,39,,,
C.DOMINADOR___220,220,2019,12,18,5,39,,,
C.DOMINADOR___220,220,2019,12,18,6,39,,,
C.DOMINADOR___220,220,2019,12,18,7,39,,,
C.DOMINADOR___220,220,2019,12,18,8,38.9,,,
C.DOMINADOR___220,220,2019,12,18,9,31,,,
C.DOMINADOR___220,220,2019,12,18,10,31,,,
C.DOMINADOR___220,220,2019,12,18,11,31,,,
C.DOMINADOR___220,220,2019,12,18,12,31,,,
C.DOMINADOR___220,220,2019,12,18,13,31,,,
C.DOMINADOR___220,220,2019,12,18,14,31,,,
C.DOMINADOR___220,220,2019,12,18,15,31,,,
C.DOMINADOR___220,220,2019,12,18,16,31,,,
C.DOMINADOR___220,220,2019,12,18,17,31,,,
C.DOMINADOR___220,220,2019,12,18,18,31,,,
C.DOMINADOR___220,220,2019,12,18,19,37.7,,,
C.DOMINADOR___220,220,2019,12,18,20,37.7,,,
C.DOMINADOR___220,220,2019,12,18,21,38.9,,,
C.DOMINADOR___220,220,2019,12,18,22,39.7,,,
C.DOMINADOR___220,220,2019,12,18,24,38.3,,,
C.DOMINADOR___220,220,2019,12,18,23,39.7,,,
C.DOMINADOR___220,220,2019,12,19,1,37.9,,,
C.DOMINADOR___220,220,2019,12,19,2,37.9,,,
C.DOMINADOR___220,220,2019,12,19,3,37.9,,,
C.DOMINADOR___220,220,2019,12,19,4,37.9,,,
C.DOMINADOR___220,220,2019,12,19,5,37.9,,,
C.DOMINADOR___220,220,2019,12,19,6,37.9,,,
C.DOMINADOR___220,220,2019,12,19,7,37.9,,,
C.DOMINADOR___220,220,2019,12,19,8,37.9,,,
C.DOMINADOR___220,220,2019,12,19,9,31.5,,,
C.DOMINADOR___220,220,2019,12,19,10,31.5,,,
C.DOMINADOR___220,220,2019,12,19,11,31.5,,,
C.DOMINADOR___220,220,2019,12,19,12,31.5,,,
C.DOMINADOR___220,220,2019,12,19,13,31.5,,,
C.DOMINADOR___220,220,2019,12,19,14,31.5,,,
C.DOMINADOR___220,220,2019,12,19,15,31.5,,,
C.DOMINADOR___220,220,2019,12,19,16,30.8,,,
C.DOMINADOR___220,220,2019,12,19,17,28.1,,,
C.DOMINADOR___220,220,2019,12,19,18,28.2,,,
C.DOMINADOR___220,220,2019,12,19,21,37.2,,,
C.DOMINADOR___220,220,2019,12,19,22,37.5,,,
C.DOMINADOR___220,220,2019,12,19,23,37.5,,,
C.DOMINADOR___220,220,2019,12,19,19,28.4,,,
C.DOMINADOR___220,220,2019,12,19,24,36.7,,,
C.DOMINADOR___220,220,2019,12,19,20,33.9,,,
C.DOMINADOR___220,220,2019,12,20,1,35.6,,,
C.DOMINADOR___220,220,2019,12,20,3,35.3,,,
C.DOMINADOR___220,220,2019,12,20,4,35.6,,,
C.DOMINADOR___220,220,2019,12,20,5,35.6,,,
C.DOMINADOR___220,220,2019,12,20,6,35.6,,,
C.DOMINADOR___220,220,2019,12,20,7,35.6,,,
C.DOMINADOR___220,220,2019,12,20,8,35.6,,,
C.DOMINADOR___220,220,2019,12,20,9,31.1,,,
C.DOMINADOR___220,220,2019,12,20,10,31.1,,,
C.DOMINADOR___220,220,2019,12,20,11,31.1,,,
C.DOMINADOR___220,220,2019,12,20,12,31.1,,,
C.DOMINADOR___220,220,2019,12,20,13,31.1,,,
C.DOMINADOR___220,220,2019,12,20,14,31.1,,,
C.DOMINADOR___220,220,2019,12,20,15,31.1,,,
C.DOMINADOR___220,220,2019,12,20,16,31.1,,,
C.DOMINADOR___220,220,2019,12,20,17,31.1,,,
C.DOMINADOR___220,220,2019,12,20,18,31.1,,,
C.DOMINADOR___220,220,2019,12,20,2,35.1,,,
C.DOMINADOR___220,220,2019,12,20,19,34.5,,,
C.DOMINADOR___220,220,2019,12,20,20,34.9,,,
C.DOMINADOR___220,220,2019,12,20,21,35.1,,,
C.DOMINADOR___220,220,2019,12,20,22,35.1,,,
C.DOMINADOR___220,220,2019,12,20,23,35.1,,,
C.DOMINADOR___220,220,2019,12,20,24,35.1,,,
C.DOMINADOR___220,220,2019,12,21,1,35.9,,,
C.DOMINADOR___220,220,2019,12,21,2,35.9,,,
C.DOMINADOR___220,220,2019,12,21,3,35.9,,,
C.DOMINADOR___220,220,2019,12,21,4,35.9,,,
C.DOMINADOR___220,220,2019,12,21,5,35.9,,,
C.DOMINADOR___220,220,2019,12,21,6,35.9,,,
C.DOMINADOR___220,220,2019,12,21,7,35.9,,,
C.DOMINADOR___220,220,2019,12,21,8,35.9,,,
C.DOMINADOR___220,220,2019,12,21,9,32.1,,,
C.DOMINADOR___220,220,2019,12,21,10,32.1,,,
C.DOMINADOR___220,220,2019,12,21,11,32.1,,,
C.DOMINADOR___220,220,2019,12,21,12,32.1,,,
C.DOMINADOR___220,220,2019,12,21,13,32.1,,,
C.DOMINADOR___220,220,2019,12,21,14,32.1,,,
C.DOMINADOR___220,220,2019,12,21,15,32.1,,,
C.DOMINADOR___220,220,2019,12,21,16,32.1,,,
C.DOMINADOR___220,220,2019,12,21,17,32.1,,,
C.DOMINADOR___220,220,2019,12,21,18,32.1,,,
C.DOMINADOR___220,220,2019,12,21,19,35.2,,,
C.DOMINADOR___220,220,2019,12,21,20,35.2,,,
C.DOMINADOR___220,220,2019,12,21,21,35.2,,,
C.DOMINADOR___220,220,2019,12,21,22,35.2,,,
C.DOMINADOR___220,220,2019,12,21,23,35.2,,,
C.DOMINADOR___220,220,2019,12,21,24,35.2,,,
C.DOMINADOR___220,220,2019,12,22,1,37.3,,,
C.DOMINADOR___220,220,2019,12,22,2,37.3,,,
C.DOMINADOR___220,220,2019,12,22,3,37.3,,,
C.DOMINADOR___220,220,2019,12,22,4,37.3,,,
C.DOMINADOR___220,220,2019,12,22,5,37.3,,,
C.DOMINADOR___220,220,2019,12,22,6,37.3,,,
C.DOMINADOR___220,220,2019,12,22,7,34.1,,,
C.DOMINADOR___220,220,2019,12,22,8,34,,,
C.DOMINADOR___220,220,2019,12,22,11,32,,,
C.DOMINADOR___220,220,2019,12,22,12,32,,,
C.DOMINADOR___220,220,2019,12,22,13,32,,,
C.DOMINADOR___220,220,2019,12,22,14,32,,,
C.DOMINADOR___220,220,2019,12,22,15,32,,,
C.DOMINADOR___220,220,2019,12,22,16,32,,,
C.DOMINADOR___220,220,2019,12,22,17,32,,,
C.DOMINADOR___220,220,2019,12,22,18,32,,,
C.DOMINADOR___220,220,2019,12,22,19,34.6,,,
C.DOMINADOR___220,220,2019,12,22,20,35.5,,,
C.DOMINADOR___220,220,2019,12,22,21,35.5,,,
C.DOMINADOR___220,220,2019,12,22,22,35.5,,,
C.DOMINADOR___220,220,2019,12,22,23,35.5,,,
C.DOMINADOR___220,220,2019,12,22,9,30.9,,,
C.DOMINADOR___220,220,2019,12,22,10,31.1,,,
C.DOMINADOR___220,220,2019,12,22,24,35.5,,,
C.DOMINADOR___220,220,2019,12,23,1,34.4,,,
C.DOMINADOR___220,220,2019,12,23,2,34.4,,,
C.DOMINADOR___220,220,2019,12,23,3,34.4,,,
C.DOMINADOR___220,220,2019,12,23,4,34.4,,,
C.DOMINADOR___220,220,2019,12,23,6,34.4,,,
C.DOMINADOR___220,220,2019,12,23,7,34.4,,,
C.DOMINADOR___220,220,2019,12,23,5,34.4,,,
C.DOMINADOR___220,220,2019,12,23,8,34.4,,,
C.DOMINADOR___220,220,2019,12,23,9,30.8,,,
C.DOMINADOR___220,220,2019,12,23,10,30.8,,,
C.DOMINADOR___220,220,2019,12,23,19,33.3,,,
C.DOMINADOR___220,220,2019,12,23,20,33.3,,,
C.DOMINADOR___220,220,2019,12,23,21,33.3,,,
C.DOMINADOR___220,220,2019,12,23,22,34,,,
C.DOMINADOR___220,220,2019,12,23,24,33.3,,,
C.DOMINADOR___220,220,2019,12,23,11,30.8,,,
C.DOMINADOR___220,220,2019,12,23,12,30.8,,,
C.DOMINADOR___220,220,2019,12,23,13,30.8,,,
C.DOMINADOR___220,220,2019,12,23,15,29.4,,,
C.DOMINADOR___220,220,2019,12,23,16,29.7,,,
C.DOMINADOR___220,220,2019,12,23,14,30.6,,,
C.DOMINADOR___220,220,2019,12,23,17,30.8,,,
C.DOMINADOR___220,220,2019,12,23,18,30.8,,,
C.DOMINADOR___220,220,2019,12,23,23,33.7,,,
C.DOMINADOR___220,220,2019,12,24,1,34.3,,,
C.DOMINADOR___220,220,2019,12,24,2,34.3,,,
C.DOMINADOR___220,220,2019,12,24,3,34.3,,,
C.DOMINADOR___220,220,2019,12,24,4,34.3,,,
C.DOMINADOR___220,220,2019,12,24,5,34.3,,,
C.DOMINADOR___220,220,2019,12,24,6,34.3,,,
C.DOMINADOR___220,220,2019,12,24,7,34.3,,,
C.DOMINADOR___220,220,2019,12,24,9,31.2,,,
C.DOMINADOR___220,220,2019,12,24,10,31.2,,,
C.DOMINADOR___220,220,2019,12,24,11,31.2,,,
C.DOMINADOR___220,220,2019,12,24,12,31,,,
C.DOMINADOR___220,220,2019,12,24,15,30.8,,,
C.DOMINADOR___220,220,2019,12,24,17,29.5,,,
C.DOMINADOR___220,220,2019,12,24,16,30.7,,,
C.DOMINADOR___220,220,2019,12,24,18,30.5,,,
C.DOMINADOR___220,220,2019,12,24,20,33.6,,,
C.DOMINADOR___220,220,2019,12,24,21,33.7,,,
C.DOMINADOR___220,220,2019,12,24,22,33.7,,,
C.DOMINADOR___220,220,2019,12,24,23,33.7,,,
C.DOMINADOR___220,220,2019,12,24,24,33.6,,,
C.DOMINADOR___220,220,2019,12,24,8,34.3,,,
C.DOMINADOR___220,220,2019,12,24,13,30.8,,,
C.DOMINADOR___220,220,2019,12,24,14,30.8,,,
C.DOMINADOR___220,220,2019,12,24,19,31,,,
C.DOMINADOR___220,220,2019,12,25,1,34.7,,,
C.DOMINADOR___220,220,2019,12,11,24,37.9,,,
C.DOMINADOR___220,220,2019,12,11,20,37.7,,,
C.DOMINADOR___220,220,2019,12,15,4,32.7,,,
C.DOMINADOR___220,220,2019,12,15,7,30.9,,,
C.DOMINADOR___220,220,2019,12,15,11,29.8,,,
C.DOMINADOR___220,220,2019,12,15,12,28.6,,,
C.DOMINADOR___220,220,2019,12,15,23,36.9,,,
C.DOMINADOR___220,220,2019,12,17,1,35.3,,,
C.DOMINADOR___220,220,2019,12,25,2,34.7,,,
C.DOMINADOR___220,220,2019,12,25,3,34.7,,,
C.DOMINADOR___220,220,2019,12,25,4,34,,,
C.DOMINADOR___220,220,2019,12,25,5,33.9,,,
C.DOMINADOR___220,220,2019,12,25,6,33.9,,,
C.DOMINADOR___220,220,2019,12,25,9,26.7,,,
C.DOMINADOR___220,220,2019,12,25,10,26.8,,,
C.DOMINADOR___220,220,2019,12,25,11,26.8,,,
C.DOMINADOR___220,220,2019,12,25,12,26.8,,,
C.DOMINADOR___220,220,2019,12,25,13,26.7,,,
C.DOMINADOR___220,220,2019,12,25,14,26.6,,,
C.DOMINADOR___220,220,2019,12,25,7,33.7,,,
C.DOMINADOR___220,220,2019,12,25,8,31.3,,,
C.DOMINADOR___220,220,2019,12,25,15,26.6,,,
C.DOMINADOR___220,220,2019,12,25,16,26.6,,,
C.DOMINADOR___220,220,2019,12,25,17,26.6,,,
C.DOMINADOR___220,220,2019,12,25,18,26.6,,,
C.DOMINADOR___220,220,2019,12,25,19,27.7,,,
C.DOMINADOR___220,220,2019,12,25,20,33.4,,,
C.DOMINADOR___220,220,2019,12,25,21,33.9,,,
C.DOMINADOR___220,220,2019,12,25,22,33.9,,,
C.DOMINADOR___220,220,2019,12,25,23,33.9,,,
C.DOMINADOR___220,220,2019,12,25,24,33.9,,,
C.DOMINADOR___220,220,2019,12,26,1,34.4,,,
C.DOMINADOR___220,220,2019,12,26,2,34.4,,,
C.DOMINADOR___220,220,2019,12,26,3,34.4,,,
C.DOMINADOR___220,220,2019,12,26,5,35.6,,,
C.DOMINADOR___220,220,2019,12,26,6,35.6,,,
C.DOMINADOR___220,220,2019,12,26,4,34.5,,,
C.DOMINADOR___220,220,2019,12,26,7,35.8,,,
C.DOMINADOR___220,220,2019,12,26,8,35.8,,,
C.DOMINADOR___220,220,2019,12,26,9,31.4,,,
C.DOMINADOR___220,220,2019,12,26,10,31.4,,,
C.DOMINADOR___220,220,2019,12,26,11,31.4,,,
C.DOMINADOR___220,220,2019,12,26,12,31.4,,,
C.DOMINADOR___220,220,2019,12,26,13,31.4,,,
C.DOMINADOR___220,220,2019,12,26,14,31.4,,,
C.DOMINADOR___220,220,2019,12,26,15,31.4,,,
C.DOMINADOR___220,220,2019,12,26,16,31.4,,,
C.DOMINADOR___220,220,2019,12,26,17,31.4,,,
C.DOMINADOR___220,220,2019,12,26,18,31.4,,,
C.DOMINADOR___220,220,2019,12,26,19,34.9,,,
C.DOMINADOR___220,220,2019,12,26,20,34.9,,,
C.DOMINADOR___220,220,2019,12,26,21,34.9,,,
C.DOMINADOR___220,220,2019,12,26,22,34.9,,,
C.DOMINADOR___220,220,2019,12,26,23,34.9,,,
C.DOMINADOR___220,220,2019,12,26,24,34.9,,,
C.DOMINADOR___220,220,2019,12,27,1,36.3,,,
C.DOMINADOR___220,220,2019,12,27,2,36.3,,,
C.DOMINADOR___220,220,2019,12,27,3,36.3,,,
C.DOMINADOR___220,220,2019,12,27,4,36.3,,,
C.DOMINADOR___220,220,2019,12,27,5,36.3,,,
C.DOMINADOR___220,220,2019,12,27,6,36.3,,,
C.DOMINADOR___220,220,2019,12,27,8,37,,,
C.DOMINADOR___220,220,2019,12,27,9,32,,,
C.DOMINADOR___220,220,2019,12,27,10,32,,,
C.DOMINADOR___220,220,2019,12,27,11,32,,,
C.DOMINADOR___220,220,2019,12,27,12,32,,,
C.DOMINADOR___220,220,2019,12,27,13,32,,,
C.DOMINADOR___220,220,2019,12,27,14,32,,,
C.DOMINADOR___220,220,2019,12,27,15,32,,,
C.DOMINADOR___220,220,2019,12,27,16,32,,,
C.DOMINADOR___220,220,2019,12,27,17,32,,,
C.DOMINADOR___220,220,2019,12,27,18,32,,,
C.DOMINADOR___220,220,2019,12,27,19,35.9,,,
C.DOMINADOR___220,220,2019,12,27,20,35.9,,,
C.DOMINADOR___220,220,2019,12,27,21,35.9,,,
C.DOMINADOR___220,220,2019,12,27,22,35.9,,,
C.DOMINADOR___220,220,2019,12,27,23,35.9,,,
C.DOMINADOR___220,220,2019,12,27,7,36.4,,,
C.DOMINADOR___220,220,2019,12,27,24,35.9,,,
C.DOMINADOR___220,220,2019,12,28,1,37.2,,,
C.DOMINADOR___220,220,2019,12,28,2,37.2,,,
C.DOMINADOR___220,220,2019,12,28,3,37.2,,,
C.DOMINADOR___220,220,2019,12,28,4,37.2,,,
C.DOMINADOR___220,220,2019,12,28,5,37.2,,,
C.DOMINADOR___220,220,2019,12,28,6,37.2,,,
C.DOMINADOR___220,220,2019,12,28,7,37.2,,,
C.DOMINADOR___220,220,2019,12,28,8,37.2,,,
C.DOMINADOR___220,220,2019,12,28,9,32.5,,,
C.DOMINADOR___220,220,2019,12,28,10,32.5,,,
C.DOMINADOR___220,220,2019,12,28,11,32.5,,,
C.DOMINADOR___220,220,2019,12,28,12,32.5,,,
C.DOMINADOR___220,220,2019,12,28,13,32.5,,,
C.DOMINADOR___220,220,2019,12,28,14,32.5,,,
C.DOMINADOR___220,220,2019,12,28,15,32.5,,,
C.DOMINADOR___220,220,2019,12,28,16,32.5,,,
C.DOMINADOR___220,220,2019,12,28,17,32.5,,,
C.DOMINADOR___220,220,2019,12,28,18,32.5,,,
C.DOMINADOR___220,220,2019,12,28,20,36.8,,,
C.DOMINADOR___220,220,2019,12,28,21,36.8,,,
C.DOMINADOR___220,220,2019,12,28,22,36.8,,,
C.DOMINADOR___220,220,2019,12,28,23,36.8,,,
C.DOMINADOR___220,220,2019,12,28,19,36.8,,,
C.DOMINADOR___220,220,2019,12,28,24,36.8,,,
C.DOMINADOR___220,220,2019,12,29,1,37.4,,,
C.DOMINADOR___220,220,2019,12,29,2,37.4,,,
C.DOMINADOR___220,220,2019,12,29,3,37.4,,,
C.DOMINADOR___220,220,2019,12,29,4,37.4,,,
C.DOMINADOR___220,220,2019,12,29,5,37.4,,,
C.DOMINADOR___220,220,2019,12,29,6,37.4,,,
C.DOMINADOR___220,220,2019,12,29,9,31.2,,,
C.DOMINADOR___220,220,2019,12,29,10,31.2,,,
C.DOMINADOR___220,220,2019,12,29,11,31.4,,,
C.DOMINADOR___220,220,2019,12,29,12,32,,,
C.DOMINADOR___220,220,2019,12,29,13,32,,,
C.DOMINADOR___220,220,2019,12,29,14,32,,,
C.DOMINADOR___220,220,2019,12,29,15,32,,,
C.DOMINADOR___220,220,2019,12,29,16,32,,,
C.DOMINADOR___220,220,2019,12,29,7,36.8,,,
C.DOMINADOR___220,220,2019,12,29,8,34.6,,,
C.DOMINADOR___220,220,2019,12,29,17,31.9,,,
C.DOMINADOR___220,220,2019,12,29,18,32,,,
C.DOMINADOR___220,220,2019,12,29,19,33.2,,,
C.DOMINADOR___220,220,2019,12,29,20,35.9,,,
C.DOMINADOR___220,220,2019,12,29,21,36.4,,,
C.DOMINADOR___220,220,2019,12,29,22,36.4,,,
C.DOMINADOR___220,220,2019,12,29,23,36.4,,,
C.DOMINADOR___220,220,2019,12,29,24,36.4,,,
C.DOMINADOR___220,220,2019,12,30,1,36.6,,,
C.DOMINADOR___220,220,2019,12,30,2,36.6,,,
C.DOMINADOR___220,220,2019,12,30,3,36.6,,,
C.DOMINADOR___220,220,2019,12,30,4,36.6,,,
C.DOMINADOR___220,220,2019,12,30,5,36.6,,,
C.DOMINADOR___220,220,2019,12,30,6,36.6,,,
C.DOMINADOR___220,220,2019,12,30,7,36.6,,,
C.DOMINADOR___220,220,2019,12,30,8,36.6,,,
C.DOMINADOR___220,220,2019,12,30,9,31.1,,,
C.DOMINADOR___220,220,2019,12,30,10,31.1,,,
C.DOMINADOR___220,220,2019,12,30,11,31.1,,,
C.DOMINADOR___220,220,2019,12,30,12,31.1,,,
C.DOMINADOR___220,220,2019,12,30,13,31.1,,,
C.DOMINADOR___220,220,2019,12,30,14,31.1,,,
C.DOMINADOR___220,220,2019,12,30,15,31.1,,,
C.DOMINADOR___220,220,2019,12,30,16,31.1,,,
C.DOMINADOR___220,220,2019,12,30,17,31.1,,,
C.DOMINADOR___220,220,2019,12,30,18,31.1,,,
C.DOMINADOR___220,220,2019,12,30,19,35.9,,,
C.DOMINADOR___220,220,2019,12,30,20,35.9,,,
C.DOMINADOR___220,220,2019,12,30,21,35.9,,,
C.DOMINADOR___220,220,2019,12,30,22,35.9,,,
C.DOMINADOR___220,220,2019,12,30,23,35.9,,,
C.DOMINADOR___220,220,2019,12,30,24,35.9,,,
C.DOMINADOR___220,220,2019,12,31,1,36.1,,,
C.DOMINADOR___220,220,2019,12,31,2,36.1,,,
C.DOMINADOR___220,220,2019,12,31,3,36.1,,,
C.DOMINADOR___220,220,2019,12,31,4,36.1,,,
C.DOMINADOR___220,220,2019,12,31,5,36.1,,,
C.DOMINADOR___220,220,2019,12,31,6,36.1,,,
C.DOMINADOR___220,220,2019,12,31,7,36.1,,,
C.DOMINADOR___220,220,2019,12,31,8,36.1,,,
C.DOMINADOR___220,220,2019,12,31,9,31.6,,,
C.DOMINADOR___220,220,2019,12,31,10,31.6,,,
C.DOMINADOR___220,220,2019,12,31,11,31.6,,,
C.DOMINADOR___220,220,2019,12,31,12,31.6,,,
C.DOMINADOR___220,220,2019,12,31,13,31.6,,,
C.DOMINADOR___220,220,2019,12,31,14,31.5,,,
C.DOMINADOR___220,220,2019,12,31,16,31.5,,,
C.DOMINADOR___220,220,2019,12,31,17,31.5,,,
C.DOMINADOR___220,220,2019,12,31,18,31.5,,,
C.DOMINADOR___220,220,2019,12,31,19,35,,,
C.DOMINADOR___220,220,2019,12,31,20,35,,,
C.DOMINADOR___220,220,2019,12,31,21,35,,,
C.DOMINADOR___220,220,2019,12,31,22,35,,,
C.DOMINADOR___220,220,2019,12,31,23,35,,,
C.DOMINADOR___220,220,2019,12,31,24,35,,,
C.DOMINADOR___220,220,2019,12,31,15,31.5,,,